chromosome	start	end	sequence	num_motifs	median_llr	llr_list
chr20	32762393	32762424	ACTCCCGCTGCCCCGTCCGGCCCGCGCCGCTTCCTCGCAGC	7	-20.1	[-5.57,-20.1,-17.44,-28.79,-41.44]
chr20	32762438	32762495	GCTCCCGGCTCCGCGGCCGCAGCCCGCGTGGACGCTCCGAGCGCCCCCCGACGGACGGGACCGGCTC	13	-47.01	[-62.68,-36.19,-50.72,-47.01,-24.69]
chr20	32762505	32762545	CCTGGCGGTCGGGCGAGCGGGCGGCAACGCTGCCCGGCCGGCAGCGCTGG	9	-49.08	[-69.25,-49.08,-39.53,-52.27,-24.22]
chr20	32762577	32762638	TAGCTCGGCGATCGGCGCCGGAGATTCGCGAGCCCAGCGCCCTGCACGGCCGCCAGCCGGCCTCCCGCCAG	12	-51.1	[-51.1,-49.31,-39.43,-57.38,-62.56]
chr20	32762650	32762677	AGCCCCGACCCGCGGCTCCGCCGCCCAGCCGCGCCCC	7	-28.74	[-40.81,-31.38,-14.21,-28.74,-17.95]
chr20	32762693	32762694	CCCTGCGGCAG	1	-5.29	[-6.26,-5.29,-6.1,-3.17,-3.54]
chr20	32762704	32762732	GTGAGCGCCCCGGGGCCCCGGGGAGGCTCGGCCGCCAG	5	-20.16	[-23.99,-19.5,-20.16,-38.83,-16.61]
chr20	32762743	32762744	TGCTTCGAGGG	1	-7.51	[-6.94,-9.05,-2.76,-12.42,-7.51]
chr20	32762765	32762788	GGGGACGGCGGGGGCTCCCGAAGCTGCCGGGGA	4	-21.27	[-21.27,-9.74,-22.24,-28.58,-14.92]
chr20	32762815	32762816	CCTCCCGAGGA	1	-1.59	[-5.11,-0.36,-1.12,-1.59,-4.14]
chr20	32762829	32762833	GCTCTCGCCGGGTT	2	-5.61	[-2.83,-5.61,-12.55,-7.75,-2.08]
chr20	32762845	32762846	AGACCCGGCTG	1	-3.17	[0.52,-3.17,-3.38,-4.62,-1.98]
chr20	32762857	32762858	GTTTGCGGGGT	1	1.12	[2.8,-2.7,-4.42,1.12,1.3]
chr20	32762870	32762877	GGAAACGTCCACGGACC	2	-3.21	[-2.8,-10.58,-8.18,-1.25,-3.21]
chr20	32762897	32762918	TGGAACGGGGACAGCGGGTGGGACGCGGGGG	4	-18.04	[-18.04,-26.44,-12.39,-24.27,-13.98]
chr20	32762928	32762943	ACATACGTCTGACGGGGACCGGAGA	3	-7.57	[-10.34,-13.99,-7.57,-7.06,-5.5]
chr20	32762963	32762966	AGGGACGCGTCTG	2	-3.31	[-2.91,-4.81,-3.31,-1.99,-3.92]
chr20	32762986	32762987	GAGCCCGAAGA	1	-1.99	[-1.99,-1.06,-2.04,-1.21,-4.96]
chr20	32763007	32763008	TTGCTCGCAGG	1	-5.42	[-5.18,-5.42,-3.63,-12.71,-6.66]
chr20	32763021	32763024	GGGGACGCGCTGG	2	-4.78	[-4.36,-3.37,-7.76,-10.57,-4.78]
chr20	32763034	32763035	CTTCCCGGGGT	1	-1.32	[-1.32,-7.33,-2.15,-0.91,0.44]
chr20	32763047	32763048	AGACTCGAGGA	1	-2.72	[-2.72,-2.98,-0.87,-5.4,-1.18]
chr20	32763065	32763069	GTGCCCGTCGAGAG	2	-4.36	[-1.33,-4.36,-9.39,-2.72,-5.11]
chr20	32763183	32763188	GTGGGCGTCCGCCCC	2	-8.24	[-13.87,-7.41,-6.8,-8.24,-12.12]
chr20	32763220	32763226	TCAGGCGAGGCGCTGT	2	-14.25	[-6.11,-14.25,-15.03,-29.4,-12.31]
chr20	32763264	32763265	GAGCTCGTGAG	1	-2.37	[-0.07,-3.98,-0.97,-2.73,-2.37]
chr20	32763284	32763289	AGACTCGCGCGGGCT	3	-11.49	[-21.15,-11.49,-19.36,-9.68,-3.21]
chr20	32763302	32763315	GTGTGCGCCGTGGAGGGCGTGAG	3	-24.04	[-36.09,-24.06,-14.09,-24.04,-16.55]
chr20	32763328	32763337	GAGGGCGACCTCCCGGGGT	2	-7.94	[-7.94,-9.44,-6.92,-2.58,-8.36]
chr20	32763364	32763377	TCAAGCGCGGGGAGCAGCGGGGC	3	-10.5	[-12.53,-5.58,-7.75,-10.5,-12.63]
chr20	32763408	32763434	TGGCCCGGGAGGAGCCGGCCGGAGGGGCGGCGCCTC	5	-25.75	[-28.3,-25.75,-14.57,-31.31,-6.63]
chr20	32763446	32763456	TGTCCCGGCCACGCCGCCTA	3	-11.23	[-11.23,-3.68,-2.08,-12.12,-13.51]
chr20	32763497	32763504	ACTCCCGTGTGCGGCTG	2	-7.62	[-7.62,-8.21,-10.3,-4.0,-7.06]
chr20	32763526	32763527	AGACTCGCACA	1	-9.76	[-9.76,-7.6,-15.59,-16.53,-4.93]
chr20	32763579	32763585	CTTCCCGGCTCGTGGT	2	-0.53	[0.34,-3.88,2.07,-14.75,-0.53]
chr20	32763623	32763624	TTTATCGGGGA	1	-6.82	[-10.11,-8.45,-3.01,-6.82,-2.07]
chr20	32763640	32763641	GGAAGCGGAGA	1	-1.02	[2.19,1.14,-1.74,-1.02,-1.88]
chr20	32763670	32763671	GACTGCGCTGC	1	-4.06	[-4.59,-4.06,-7.14,-3.0,0.6]
chr20	32763694	32763695	CTTCCCGCTGG	1	-5.59	[-7.18,-5.59,0.59,-12.02,-3.29]
chr20	32763725	32763726	AGTTCCGAGCC	1	-2.03	[-0.87,-1.35,-2.03,-2.98,-5.14]
chr20	32763742	32763745	TTGCCCGCGCCTC	2	-8.2	[-6.82,-8.2,-8.89,-10.4,-5.95]
chr20	32763796	32763797	AGGCTCGCTGG	1	-9.26	[-4.73,-9.37,-18.58,-9.26,-6.75]
chr20	32763807	32763808	GCCTCCGTGTT	1	-2.6	[-1.31,-3.48,-2.6,-2.58,-4.94]
chr20	32763825	32763826	TCCCCCGAAGC	1	-2.39	[-7.51,-1.43,-2.39,-1.32,-5.3]
chr20	32763902	32763903	GGATGCGGTGG	1	-3.555	[-8.46,-9.61,-3.54,-2.22,-2.39,-3.57]
chr20	32763919	32763920	GCAGACGGGTG	1	-10.205	[-10.2,-5.32,-11.19,-10.4,-10.21,-1.72]
chr20	32763997	32764007	GGAAACGCCAGGTGCGGACT	2	-11.625	[-15.45,-11.47,-10.55,-18.73,-11.78,-5.87]
chr20	32764113	32764114	GCACACGGGCT	1	-3.885	[-6.33,-1.13,-4.3,-3.12,-4.52,-3.47]
chr20	32764181	32764182	TGTCTCGCCAA	1	-3.225	[-3.84,-5.98,-2.61,-2.24,-8.1,-1.11]
chr20	32764200	32764201	CTCTCCGTGCC	1	-1.045	[-1.35,-1.07,-1.02,-0.74,1.81,-6.75]
chr20	32764277	32764278	TTATGCGTGAA	1	-4.34	[-7.18,-4.52,-4.38,-4.3,-2.06,-3.27]
chr20	32764421	32764422	AATAACGAATA	1	-1.01	[-4.71,-0.99,-0.99,-3.98,-1.03,0.1]
chr20	32764547	32764548	GTCCACGATTA	1	-1.04	[-3.84,-0.96,-1.13,-1.12,3.0,0.67]
chr20	32764572	32764573	AGAACCGCCTT	1	-3.1	[-5.96,-2.01,-1.86,-0.74,-4.19,-4.43]
chr20	32764588	32764593	CCTTTCGAACGGAGT	2	-9.625	[1.29,-13.68,-14.88,-10.09,-0.82,-9.16]
chr20	32764626	32764627	GGGGCCGTTTT	1	-1.57	[-0.44,-6.57,-1.75,-0.62,-3.72,-1.39]
chr20	32764643	32764650	CCTCCCGGCCACGCATG	2	-5.82	[-4.39,-5.47,-6.17,-8.75,-11.09,-3.93]
chr20	32764824	32764825	GAAGACGGTAG	1	-2.105	[2.05,-1.97,-2.24,-5.36,-9.6,-0.93]
chr20	32764906	32764907	AGCCACGTGGG	1	-0.54	[-0.54,-2.97,-1.21,-0.03,-0.45,-2.74,0.33]
chr20	32764928	32764936	AGAGGCGCCTGTCGCCCC	2	-13.83	[-16.31,-19.77,-13.31,-0.89,-13.83,-28.85,-0.33]
chr20	32765042	32765043	TATGCCGGCTG	1	-3.53	[0.12,-19.39,-18.58,-1.68,-1.96,-3.67,-3.53]
chr20	32765067	32765068	TCAGACGCCTT	1	-2.76	[-4.75,5.85,-3.81,0.83,-2.76,-3.49,0.41]
chr20	32765221	32765222	TTTCACGGAGG	1	-1.1	[-2.45,-0.44,-4.4,-1.1,-7.24,4.4,1.17]
chr20	32765386	32765387	TATTACGTCTT	1	0.63	[4.89,5.79,-2.04,0.63,-2.8,-7.0,6.58]
chr20	32765512	32765513	CCTCCCGGGTT	1	0.03	[0.01,4.01,0.03,2.07,-2.0,-0.36,0.7]
chr20	32765544	32765545	CCTTCCGAGTA	1	0.89	[1.56,-9.78,0.89,1.82,0.19,-2.99,9.64]
chr20	32765564	32765565	ACATGCGCACA	1	4.63	[18.18,3.18,6.23,-6.64,-6.15,8.01,4.63]
chr20	32765576	32765577	CACCACGCCTG	1	4.98	[18.88,9.87,1.93,10.36,-5.55,4.63,4.98]
chr20	32765608	32765609	TGAGACGGGGT	1	1.84	[-3.34,2.26,3.48,4.68,-2.03,-4.37,1.84]
chr20	32765633	32765634	AAGGCCGGTCT	1	0.76	[3.5,0.76,0.68,4.01,-2.49,1.96,0.57]
chr20	32765666	32765672	TCACCCGCCTCGGCTT	2	7.22	[6.45,-7.74,8.29,6.6,7.22,7.65,13.38]
chr20	32765699	32765700	GTAGGCGTGGC	1	4.83	[9.42,-2.4,6.49,5.14,-2.81,4.83,-0.32]
chr20	32765714	32765715	ACACCCGGCTG	1	-1.0	[1.13,5.06,-1.0,-2.6,4.82,-7.24,-5.26]
chr20	32765777	32765778	TGAGACGGAGT	1	-0.09	[-0.09,0.55,-1.9,7.88,-15.08,-10.78,0.3]
chr20	32765815	32765825	AGTGGCGCGATCTCCGCTCA	3	4.84	[4.84,-13.36,9.53,7.19,-12.71,5.51,-2.81]
chr20	32765840	32765848	AGCTCCGCCCCTCGGGTT	2	-0.5	[7.05,-0.5,10.94,2.87,-9.01,-16.51,-3.6]
chr20	32765899	32765903	ACAGGCGCCGGCCA	2	0.78	[3.47,12.19,-7.61,0.78,-17.85,12.13,-6.56]
chr20	32765946	32765947	AGAGACGGGGT	1	4.57	[5.47,0.16,4.75,4.57,-2.99,8.02,1.48]
chr20	32765957	32765964	TTCACCGTGTTCGCCAG	2	5.99	[8.65,5.99,9.38,-5.84,-5.33,13.66,0.11]
chr20	32766002	32766003	CCACCCGCCTT	1	0.86	[2.3,-8.18,0.86,-3.23,-2.5,5.73,1.79]
chr20	32766035	32766036	ACAGGCGTGAG	1	1.11	[4.25,-3.84,1.11,-10.45,6.14,0.87,4.32]
chr20	32766158	32766159	GCCAACGTGAT	1	-0.985	[-0.46,1.2,-7.1,-4.16,5.8,-1.51]
chr20	32766169	32766170	AAAACCGTGAC	1	0.1	[0.6,0.07,-3.56,-1.55,1.18,0.13]
chr20	32766203	32766204	CCAGGCGTGTT	1	-1.395	[-2.81,5.84,-0.44,-10.35,-2.35,6.39]
chr20	32766226	32766227	TAATCCGTGCT	1	0.83	[0.9,6.13,-0.96,-1.26,0.77,0.89]
chr20	32766249	32766250	AGGCACGAGAA	1	0.725	[-2.89,7.32,-3.73,8.24,-1.9,3.35]
chr20	32766320	32766329	CTGGGCGACAGACCGAGAC	2	3.035	[4.6,7.92,1.47,-11.38,-0.93,6.11]
chr20	32766358	32766359	ATCTACGTAGA	1	0.595	[2.75,4.48,-1.27,-0.97,2.16,-0.97]
chr20	32766445	32766446	TCCAACGATCC	1	0.58	[0.41,7.43,-3.52,-0.58,0.75,7.28]
chr20	32766622	32766623	AGTCTCGCTCT	1	5.215	[4.92,5.13,9.83,4.29,6.1,5.3]
chr20	32766644	32766653	TGGAGCGCAGTGGCGGTTG	2	10.825	[13.98,9.42,12.23,-10.43,18.74,8.77]
chr20	32766711	32766712	CTTCCCGAGTA	1	1.825	[2.01,12.06,0.98,1.64,1.05,7.06]
chr20	32766919	32766929	AGTTTCGCTCTTGTCGCCCA	2	13.46	[1.53,17.85,13.23,7.22,13.69,14.51]
chr20	32766950	32766959	AATGGCGTGGTCTCGGCTC	2	10.925	[12.24,14.16,9.61,5.21,12.45,0.54]
chr20	32766982	32766983	CTTCCCGAGTT	1	2.54	[1.98,11.39,0.55,1.83,3.1,8.81]
chr20	32767003	32767004	TCCTGCGTCAG	1	3.655	[5.44,1.42,9.06,-6.81,1.87,9.43]
chr20	32767030	32767035	GACTACGGGCGTGGT	2	5.09	[14.34,5.92,3.99,-1.73,11.65,4.26]
chr20	32767050	32767051	ATGCCCGGCTA	1	1.715	[1.72,4.89,-1.24,-1.8,1.71,4.28]
chr20	32767110	32767111	GGTCTCGAACT	1	4.195	[3.06,4.94,3.45,1.9,6.49,5.05]
chr20	32767174	32767185	ATAGGCGTGAGCCACCGTGCC	2	9.0	[7.77,10.14,8.67,9.33,12.45,-0.79]
chr20	32767285	32767294	TCCCTCGTGTTCCCGCCAA	2	10.9	[14.57,4.22,-8.06,10.9,12.6]
chr20	32767459	32767460	AGTCTCGCATT	1	2.74	[1.05,9.06,7.24,2.74,2.3]
chr20	32767491	32767492	TGGTGCGATCA	1	4.17	[2.9,-0.16,4.17,12.62,11.13]
chr20	32767578	32767589	AGTCACGTGCCACCACGCCCA	2	1.74	[14.04,9.57,-3.08,1.74,1.04]
chr20	32767664	32767665	CTCCTCGGCTC	1	4.41	[3.68,7.96,-1.96,10.75,4.41]
chr20	32767691	32767692	GTCTCCGAAAG	1	1.78	[7.9,1.78,1.32,1.06,4.89]
chr20	32767724	32767725	CTGTGCGCCCA	1	7.52	[8.88,5.05,7.07,23.94,7.52]
chr20	32767995	32767996	TAGGGCGTTTG	1	5.33	[9.9,5.33,-6.91,13.15,4.15]
chr20	32768079	32768080	TGGTGCGATCA	1	0.42	[6.77,-4.67,-2.76,1.87,0.42]
chr20	32768233	32768234	CTTGTCGCCCA	1	5.7	[18.52,8.1,0.68,5.7,5.31]
chr20	32768255	32768264	AATGGCGGGATCTCGGCTC	2	7.88	[2.01,7.88,11.7,11.89,3.82]
chr20	32768280	32768288	ACCCCCGCTTCCCGGGTT	2	9.54	[14.08,4.95,4.87,14.9,9.54]
chr20	32768316	32768317	CCTCCCGAGTA	1	0.71	[5.85,0.7,0.71,-0.09,7.07]
chr20	32768352	32768353	ATTCCCGACTA	1	2.39	[0.47,3.6,2.39,2.21,7.49]
chr20	32768410	32768411	GGTCTCGAATT	1	4.59	[8.05,0.32,5.76,4.59,1.23]
chr20	32768437	32768443	CCACCCGCCTCGGCCT	2	8.94	[11.84,6.08,5.71,8.94,10.76]
chr20	32768522	32768523	GCTCTCGGTAT	1	3.7	[3.7,5.18,7.11,1.63,2.73]
chr20	32768749	32768750	GCCCCCGCTCT	1	2.16	[1.03,-0.41,3.29,8.6]
chr20	32768865	32768866	TACCCCGACAA	1	1.715	[-2.39,2.28,1.15,5.17]
chr20	32769106	32769107	TGAGACGGAGT	1	1.325	[8.26,-0.81,2.07,0.58]
chr20	32769122	32769123	TCTGTCGCCCA	1	3.07	[2.02,-8.46,4.12,9.3]
chr20	32769144	32769153	AGTGGCGAGATCTCGGCTC	2	7.51	[6.39,8.63,16.34,5.93]
chr20	32769176	32769185	CCTTCCGGGTTCACGCCAT	2	3.41	[1.41,-2.58,5.41,8.66]
chr20	32769231	32769236	ACAGGCGCCCGCCAC	2	8.825	[-15.95,7.1,10.55,12.39]
chr20	32769247	32769248	TTGCCCGGCTA	1	1.87	[-1.98,1.87,1.87,4.5]
chr20	32769276	32769277	AGAGACGGGGT	1	3.205	[4.73,-1.28,4.32,2.09]
chr20	32769293	32769294	ATGTTCGCCAG	1	3.745	[3.27,6.78,0.64,4.22]
chr20	32769321	32769322	GACCTCGTGAT	1	3.26	[3.1,3.26,3.26,2.28,6.1]
chr20	32769332	32769338	CTGCCCGCCTCGGCCT	2	9.05	[3.9,10.13,12.73,5.59,9.05]
chr20	32769365	32769366	ACAGGCGTGAG	1	4.07	[4.92,4.07,7.34,1.07,1.23]
chr20	32769380	32769381	CATGCCGGGCC	1	1.49	[3.69,1.49,1.47,1.9,0.94]
chr20	32769462	32769463	AGATGCGCTGG	1	3.47	[3.47,-3.8,-5.93,7.62,5.76]
chr20	32769530	32769531	TTGACCGTTGG	1	3.9	[7.29,-3.86,6.06,3.9,2.47]
chr20	32769686	32769687	CTTCTCGAGAT	1	4.67	[6.32,6.38,1.72,4.67,4.15]
chr20	32769809	32769810	TGGCACGATTT	1	1.8	[1.8,-5.79,4.3,-1.2,5.41]
chr20	32769831	32769832	ACTTCCGCCTC	1	3.52	[0.93,3.52,0.65,3.81,7.8]
chr20	32769874	32769875	CCCTTCGAGTC	1	5.1	[5.18,7.12,5.1,2.25,3.4]
chr20	32769931	32769932	TGACACGTACT	1	-0.81	[-0.81,2.55,-3.69,-1.66,5.37]
chr20	32770073	32770074	AGCTTCGACTA	1	4.61	[-3.21,8.03,4.24,4.61,7.89]
chr20	32770214	32770215	TCAAACGATTC	1	2.15	[2.72,0.42,1.39,4.36,2.15]
chr20	32770260	32770261	GTGCCCGCCAC	1	1.81	[0.19,1.81,-1.25,6.06,2.54]
chr20	32770364	32770365	CTCACCGCAAC	1	3.915	[8.26,2.53,5.3,-1.92]
chr20	32770390	32770391	TCAAGCGATTC	1	2.86	[7.17,1.9,-0.17,3.82]
chr20	32770525	32770534	GGTCTCGAACTCCCGACCT	2	6.01	[5.65,6.01,10.51,6.37,2.76]
chr20	32770548	32770549	TGAGCCGCCCA	1	2.61	[5.5,2.61,-7.57,-3.2,6.25]
chr20	32770602	32770603	TGCTCCGCCTT	1	1.33	[10.04,1.33,-12.15,-4.72,12.04]
chr20	32770643	32770644	AGTTTCGCTCT	1	7.15	[5.31,5.79,8.51,8.24,7.15]
chr20	32770697	32770705	ACCTCCGCCTCCCGGGTT	2	5.31	[5.31,6.97,3.92,7.32,2.68]
chr20	32770772	32770773	ATGCCCGGCTA	1	2.98	[3.81,2.98,3.23,2.5,2.64]
chr20	32770799	32770800	GGAAACGGGGT	1	3.47	[3.56,-3.43,3.47,3.59,0.61]
chr20	32770810	32770811	TTCTCCGTGTT	1	0.72	[3.96,0.1,0.54,0.72,2.12]
chr20	32770844	32770845	GACCTCGGGTG	1	2.28	[0.46,5.13,-6.25,6.05,2.28]
chr20	32770906	32770907	ATGCCCGGCCT	1	1.73	[2.37,1.84,1.73,0.51,1.73]
chr20	32771142	32771143	GGTTACGATAG	1	4.24	[6.71,4.24,4.09,14.32,4.11]
chr20	32771414	32771420	GTGGGCGGATCGCCTG	2	2.61	[5.82,-7.85,2.61,-0.48,4.48]
chr20	32771437	32771438	GAGTTCGAGAC	1	3.64	[1.55,5.53,8.64,0.38,3.64]
chr20	32771496	32771501	TTAGCCGGGCGTGGT	2	3.43	[3.43,10.2,-8.43,3.06,8.94]
chr20	32771583	32771584	TGACCCGAGAT	1	1.14	[1.84,1.14,-1.06,-1.52,1.48]
chr20	32771627	32771628	AAGACCGCATC	1	2.38	[1.99,-1.41,5.21,2.86,2.38]
chr20	32771770	32771771	ACTTACGGGGA	1	2.2	[2.66,-5.1,2.2,0.78,2.4]
chr20	32771875	32771876	ACAGGCGAGTT	1	5.02	[5.02,-4.72,-10.1,10.09,6.47]
chr20	32771889	32771890	TTTTCCGATTG	1	0.44	[12.63,0.44,0.11,1.06,-1.7]
chr20	32772123	32772124	TTGACCGTGAT	1	1.095	[3.59,0.52,-0.18,1.67,1.95,-0.67]
chr20	32772191	32772192	CTTGGCGAGAG	1	2.86	[6.27,-1.93,2.65,5.38,3.26,1.22,2.86]
chr20	32772376	32772377	TAAGGCGTTCT	1	3.11	[3.88,0.15,6.33,0.18,3.11,4.4,-0.04]
chr20	32772791	32772792	CAGTGCGTTGA	1	2.78	[10.54,2.88,-2.84,0.68,5.3,-0.0,2.78]
chr20	32772904	32772905	AGTTTCGCTCT	1	5.22	[5.22,6.19,7.75,6.85,2.71,4.42,0.7]
chr20	32772937	32772944	TGGCACGATCCCGAGTA	2	9.83	[17.52,7.8,-0.21,7.88,12.21,10.56,9.83]
chr20	32772978	32772979	CACCCCGGCTA	1	2.36	[4.76,-0.4,2.36,-0.09,1.95,4.64,5.18]
chr20	32773006	32773007	GAGAGCGGGGT	1	0.9	[1.82,0.9,-4.02,5.27,1.55,-0.26,-2.65]
chr20	32773045	32773046	ACTCCCGACCT	1	2.28	[3.28,2.28,1.63,0.43,2.55,3.74,1.23]
chr20	32773060	32773070	TAATCCGCCCTCCTCGGCCT	2	3.99	[13.22,-2.99,6.76,3.99,1.71,5.29,2.65]
chr20	32773097	32773098	ACAGACGTGAG	1	-1.43	[-1.18,-2.14,6.26,-1.43,0.72,-2.32,-3.4]
chr20	32773184	32773188	CACTGCGACGTCCA	2	6.765	[16.14,6.45,7.92,3.09,7.08,3.99]
chr20	32773198	32773209	CCTCCCGGGTTCAAGCGATTC	2	6.685	[6.49,2.25,2.85,8.23,7.88,6.88]
chr20	32773262	32773263	CACCACGCCTA	1	4.615	[5.49,3.74,5.99,-2.21,5.75,2.55]
chr20	32773393	32773394	CCAAACGCATT	1	5.6	[8.86,-1.03,6.85,9.73,2.01,4.35]
chr20	32773676	32773677	CATGACGATAG	1	0.91	[-1.49,2.74,1.12,2.41,-1.18,0.7]
chr20	32773703	32773704	ACTTCCGAGGC	1	2.17	[11.72,-1.06,1.18,3.16,3.4,-0.24]
chr20	32773735	32773736	GCCTCCGAGGA	1	3.59	[6.1,0.24,1.08,-1.31,8.13,8.37]
chr20	32773755	32773756	ACAGGCGAGTA	1	5.225	[6.82,6.5,0.56,9.83,3.63,3.95]
chr20	32773782	32773783	CAGGCCGACAC	1	2.03	[5.15,-5.13,-4.91,1.15,2.91,5.64]
chr20	32773850	32773851	GCTGGCGTTGA	1	4.875	[1.79,-6.09,-0.84,12.16,7.96,7.96]
chr20	32773921	32773926	CACTGCGCCCGGCAG	2	10.28	[10.28,10.21,14.49,15.23,3.87]
chr20	32773961	32773962	TTTTACGCTTT	1	1.24	[3.0,-2.24,16.03,1.24,0.69]
chr20	32774067	32774071	GCTGCCGCCGCCAG	2	8.17	[9.69,8.17,8.51,2.2,-4.97]
chr20	32774141	32774142	CTTCCCGCTCT	1	5.15	[8.11,6.04,4.11,5.15,2.72]
chr20	32774231	32774240	TGAGACGGAGTCTCGCTCT	2	3.12	[3.12,-16.19,3.4,3.88,-1.76]
chr20	32774278	32774279	ATCTCCGCTCA	1	2.92	[-1.83,-1.44,3.24,7.66,2.92]
chr20	32774332	32774333	GCCTCCGGAGT	1	1.34	[5.05,-1.72,5.98,-3.34,1.34]
chr20	32774369	32774370	ATGCCCGGCTA	1	2.5	[1.16,-1.38,2.5,3.96,2.62]
chr20	32774398	32774399	AGAGACGGGGT	1	1.59	[2.17,-6.99,4.69,1.59,1.07]
chr20	32774429	32774430	GGTCTCGAGCT	1	2.69	[5.39,-5.1,4.94,2.44,2.69]
chr20	32774443	32774444	GACCTCGTGAT	1	2.18	[2.18,-2.22,5.3,2.98,0.9]
chr20	32774456	32774460	GCCCACGTCGGCCT	2	2.93	[7.72,1.03,2.93,-0.44,4.12]
chr20	32774497	32774500	GCCACCGCGCCTG	2	8.3	[16.23,8.3,1.08,-3.65,9.07]
chr20	32774612	32774613	ATTACCGAAAG	1	5.01	[2.66,3.89,5.01,5.82,6.96]
chr20	32774624	32774625	GTGAACGTTGT	1	-1.25	[-4.48,2.44,-5.17,-1.25,4.58]
chr20	32774673	32774674	CCTCCCGTCTT	1	5.43	[11.92,2.66,-1.64,5.59,5.43]
chr20	32774756	32774757	CTTGTCGCCCA	1	6.06	[5.11,6.06,6.44,4.66,6.82]
chr20	32774780	32774781	TGGCACGATCT	1	5.58	[1.74,7.27,9.35,5.58,1.63]
chr20	32774804	32774812	ACCCCCGCCTCCCGGGTT	2	8.46	[8.46,0.96,0.18,14.7,8.87]
chr20	32774862	32774863	ACATGCGCCCA	1	8.92	[11.16,8.92,5.96,8.38,9.68]
chr20	32774874	32774879	CACCACGACCGGCTA	2	5.27	[3.1,5.28,15.92,5.27,4.45]
chr20	32774940	32774941	GGTCTCGAACT	1	1.64	[-2.17,1.64,-0.75,7.2,2.03]
chr20	32774967	32774968	CAACCCGCTTC	1	1.97	[0.76,1.97,3.92,0.57,3.32]
chr20	32775000	32775013	ACAAGCGTGAGCCACCGCGCCTG	3	11.06	[12.67,-0.45,16.26,11.06,10.25]
chr20	32775090	32775091	GACCTCGGGTG	1	-0.33	[0.84,-4.49,8.49,-0.33,-0.98]
chr20	32775116	32775117	CCTCCCGAAGT	1	2.79	[2.79,0.84,2.06,14.6,8.51]
chr20	32775340	32775341	ATTTACGAAGT	1	5.83	[6.94,-4.94,4.92,11.39,5.83]
chr20	32775426	32775427	TGGGGCGAGTC	1	1.38	[4.74,1.38,6.01,1.2,-1.39]
chr20	32775519	32775520	TCAGTCGGGGC	1	1.66	[1.66,2.33,6.82,-1.07,0.31]
chr20	32775560	32775561	CCCCTCGGGGA	1	2.16	[0.8,2.34,2.13,2.61,2.16]
chr20	32775615	32775616	TCACACGCTGG	1	3.87	[2.61,6.74,7.08,3.87,-1.95]
chr20	32775695	32775696	GGAAACGCTCA	1	5.08	[6.52,4.23,2.83,5.65,5.08]
chr20	32775724	32775725	AGCCACGAAGC	1	3.25	[12.44,3.25,1.15,-6.19,7.36]
chr20	32775805	32775806	AGTTACGGCAA	1	3.865	[4.13,3.6,3.35,10.28,5.24,1.86]
chr20	32775820	32775821	AGGCACGTGCC	1	1.46	[0.41,-4.51,2.51,14.59,9.23,-0.98]
chr20	32775976	32775977	GCTCACGCCTG	1	2.77	[3.14,-4.52,-0.97,9.53,2.4,5.98]
chr20	32775998	32775999	CAAGGCGAGTA	1	4.625	[6.37,8.62,2.09,15.02,2.88,1.48]
chr20	32776056	32776057	AACCACGTCTC	1	4.29	[3.15,5.37,3.4,9.82,4.48,4.1]
chr20	32776120	32776121	CTACTCGGGAG	1	1.36	[1.45,-2.21,-1.77,3.65,1.27,2.54]
chr20	32776142	32776153	AGAATCGCTTGAACCCGGGAG	2	7.48	[-0.28,8.85,9.24,8.45,1.91,6.51]
chr20	32776176	32776185	TGAGCCGAGATCGCGCCAC	3	10.475	[17.49,10.6,10.06,26.13,5.79,10.35]
chr20	32776899	32776900	TGCCTCGAGGC	1	5.05	[5.05,-1.93,5.01,11.32,1.59,8.97,10.58]
chr20	32776922	32776923	GCCTGCGTGTA	1	0.44	[3.19,-5.29,-2.31,3.81,-7.17,4.06]
chr20	32776936	32776937	TGAAGCGGGGT	1	0.085	[-1.08,-2.07,-0.69,3.28,3.23,0.86]
chr20	32777000	32777001	GTGTGCGCTGT	1	4.3	[9.09,-5.12,4.54,-0.09,4.06,5.35]
chr20	32777056	32777065	ACAAACGTAGGGTCGTGAT	2	13.28	[8.1,9.92,26.62,9.2,18.28,16.64]
chr20	32777114	32777115	TGCAACGAGAA	1	3.945	[3.93,-4.71,5.31,-0.01,5.88,3.96]
chr20	32777292	32777293	CCACACGTTGG	1	0.4	[5.75,-5.91,-1.81,2.61,-7.89,3.25]
chr20	32777455	32777456	GCCTGCGAAAC	1	5.985	[7.1,7.03,5.97,2.51,2.75,6.0]
chr20	32777497	32777498	GAAGGCGAAGG	1	5.4	[5.91,1.99,1.74,4.89,6.57,6.81]
chr20	32777698	32777699	TGAAACGCTTG	1	1.005	[-0.95,-1.0,6.62,3.78,-11.39,2.96]
chr20	32777725	32777732	TGAACCGACACCGCAGC	2	8.645	[14.65,13.16,9.3,7.99,1.09,3.43]
chr20	32777804	32777805	TCTTCCGGGTC	1	2.485	[3.7,3.88,4.26,1.27,1.19,-1.88]
chr20	32777862	32777863	AGGCACGTCCC	1	-0.135	[-4.43,-6.03,0.08,-0.35,9.5,4.73]
chr20	32777956	32777957	ATCAGCGCACA	1	8.16	[8.98,-3.25,11.86,7.34,9.62,4.56]
chr20	32778049	32778060	AATCCCGCTTCAGGCCGGGTG	2	2.245	[-0.32,-1.12,5.85,4.81,6.91,-6.64]
chr20	32778075	32778076	GCTCACGCCTG	1	4.75	[9.13,-4.45,4.99,3.35,4.75,6.47,-13.1]
chr20	32778119	32778120	GATCACGAGGA	1	2.24	[-0.52,11.0,2.24,5.62,0.17,4.91,-3.15]
chr20	32778133	32778134	GACATCGAGAC	1	5.12	[3.62,4.04,5.12,2.19,6.44,11.81,6.12]
chr20	32778195	32778204	CTGGGCGTGGTGGCGCATG	2	11.21	[1.29,12.66,21.72,11.21,6.06,11.73,-0.58]
chr20	32778249	32778250	AGAATCGCTTG	1	3.67	[6.24,9.94,3.67,3.09,0.21,9.26,1.39]
chr20	32778275	32778276	GGTTGCGGTGA	1	1.97	[0.12,4.95,1.64,1.48,3.81,3.72,1.97]
chr20	32778289	32778290	GAGATCGTGCC	1	2.91	[5.53,-1.13,2.91,6.23,4.8,-2.52,1.51]
chr20	32778312	32778320	CCTGGCGGAGGTCGCACC	2	5.0	[5.0,-2.32,8.93,10.99,-3.55,9.27,3.71]
chr20	32778342	32778343	CCTGGCGACAG	1	1.94	[5.15,0.46,1.5,1.94,3.58,-4.71,3.78]
chr20	32778486	32778487	GCCTGCGTGGC	1	1.535	[5.56,6.5,4.62,-3.22,-1.96,-1.55]
chr20	32778602	32778603	GGGGGCGCCAC	1	-2.21	[-3.04,-1.38,-1.29,-3.63,-9.3,-1.29]
chr20	32778630	32778631	GCTCACGGTGC	1	0.645	[1.17,-1.45,0.33,3.21,0.96,-1.18]
chr20	32778647	32778648	GTGGGCGATGC	1	-4.82	[-5.88,14.65,-10.01,-4.95,-0.1,-4.69]
chr20	32778659	32778660	AGTGGCGCCAG	1	-0.2	[4.53,-1.9,-2.06,1.8,-4.7,1.5]
chr20	32778679	32778680	GAGCCCGCAAT	1	0.045	[3.75,-0.29,3.61,-0.4,0.38,-1.78]
chr20	32778883	32778892	GGAGCCGTGATCACGCCAC	2	5.175	[15.39,5.13,8.29,5.22,4.43,3.25]
chr20	32778998	32778999	AACTGCGAGGC	1	2.49	[9.72,1.17,3.81,8.52,0.14,-0.04]
chr20	32779009	32779010	TAGCACGGGTT	1	1.91	[2.35,2.85,-0.09,1.47,4.78,0.38]
chr20	32779041	32779052	CTCCACGATGGAGCCCGAGGC	2	5.035	[8.85,4.64,4.93,5.14,-1.82,9.69]
chr20	32779066	32779067	AGGCCCGGTGC	1	1.63	[0.86,3.14,0.54,8.12,2.4,0.75]
chr20	32779110	32779111	AGGCACGGTTC	1	1.7	[3.64,4.65,0.06,0.28,1.98,1.42]
chr20	32779262	32779272	AAACTCGGTTTCAGCGGGGA	2	6.235	[7.04,15.33,4.31,5.5,6.97,3.12]
chr20	32779300	32779301	TTACTCGTTCT	1	3.53	[3.76,5.04,2.71,3.3,3.93,0.29]
chr20	32779509	32779510	CCATCCGTATG	1	3.54	[3.81,3.27,-1.18,4.43,1.91,4.58]
chr20	32779723	32779724	GTGAGCGACAG	1	0.805	[0.67,0.94,4.22,2.4,-6.08,0.61]
chr20	32779766	32779767	TGAGGCGGGGC	1	0.035	[3.76,9.89,0.05,-0.05,-9.82,0.02]
chr20	32779798	32779799	AGAAGCGGTTC	1	1.285	[2.36,1.73,0.84,-0.66,5.06,-3.34]
chr20	32779964	32779977	GCTGGCGGCAGACGGGCCGGGAC	3	2.33	[1.34,3.86,4.29,3.32,-1.97,-0.17]
chr20	32780015	32780016	GGGGCCGGCTA	1	3.03	[3.68,10.43,0.0,2.59,3.47,2.33]
chr20	32780086	32780087	GCTGGCGTCTG	1	1.71	[-3.36,1.71,4.2,1.71,-7.43,2.86]
chr20	32780098	32780099	GCCTTCGGGAC	1	3.3	[2.63,8.18,4.76,1.53,-4.35,3.97]
chr20	32780249	32780250	CATGGCGGGGG	1	1.96	[-0.75,3.47,3.06,0.27,3.85,0.86]
chr20	32780361	32780368	GAGGACGCCGGCGGGAG	3	-0.25	[5.87,22.28,-5.29,-3.19,-6.72,2.69]
chr20	32780381	32780395	AGACTCGATCCTCGTCAACGGGGC	3	10.35	[15.11,23.06,10.04,9.44,7.26,10.66]
chr20	32780406	32780407	TGCAGCGACCA	1	4.515	[7.51,4.52,4.51,5.32,-0.89,4.16]
chr20	32780418	32780424	TCCTCCGACTCGCCCC	2	10.18	[14.69,9.1,15.4,8.47,7.43,11.26]
chr20	32780446	32780454	CTATCCGCACCCCGGAGA	2	3.79	[4.51,1.67,-0.61,11.11,19.72,3.07]
chr20	32780499	32780500	TCAGGCGCTGA	1	2.85	[8.87,6.71,0.31,5.39,-10.45,-0.12]
chr20	32780514	32780515	GTGAGCGGTCA	1	3.185	[-1.57,6.81,2.84,3.53,6.56,1.21]
chr20	32780576	32780577	TTCCCCGGGAG	1	1.255	[-0.25,3.84,1.06,1.45,3.06,0.51]
chr20	32780615	32780616	AGGGTCGAGCC	1	4.695	[5.2,4.7,4.69,6.9,-5.35,1.72]
chr20	32780634	32780635	CTGCCCGCAGC	1	1.91	[2.64,0.83,0.11,1.65,8.85,2.17]
chr20	32780685	32780686	CTGAGCGTGAC	1	3.77	[3.89,9.1,3.65,1.08,13.11,2.86]
chr20	32780880	32780881	GATCCCGCCCC	1	6.775	[6.54,-5.88,7.01,7.5,-6.5,8.04]
chr20	32780945	32780950	TCCTGCGAGCGTGAA	2	9.285	[10.31,7.79,11.04,10.68,8.26,-0.35]
chr20	32781017	32781018	AGAAGCGGCTG	1	2.865	[2.86,8.74,5.29,1.96,-0.03,2.87]
chr20	32781098	32781099	GGAATCGGAGG	1	0.79	[0.82,6.75,0.82,-0.61,-14.33,0.76]
chr20	32781144	32781145	TGTCACGTGCC	1	2.63	[-4.85,9.02,5.57,10.73,-2.6,-0.31]
chr20	32781199	32781209	ATGAACGATACTGACGGACT	2	-0.125	[-1.77,-1.21,0.96,4.6,18.66,-2.48]
chr20	32781263	32781269	GGCCACGCCACGGAGA	2	8.73	[16.54,7.64,8.73,9.48,4.53]
chr20	32781294	32781295	AAGGCCGTTCC	1	2.26	[3.03,2.26,3.38,-1.28,0.58]
chr20	32781354	32781355	CAGGCCGAAGA	1	4.7	[-6.28,6.37,4.7,1.99,12.21]
chr20	32781367	32781370	AAGCTCGCGACTC	2	1.96	[1.53,5.05,1.96,1.33,3.76]
chr20	32781472	32781473	CATCACGTGGG	1	3.07	[12.13,1.62,1.57,3.07,3.81]
chr20	32781527	32781528	GTTGCCGAGCT	1	2.33	[2.84,4.33,2.33,1.51,1.11]
chr20	32781576	32781577	CTGGACGATCA	1	1.51	[1.37,1.51,2.29,6.1,-0.09]
chr20	32781640	32781641	TTCCACGATTT	1	2.89	[1.55,5.93,8.98,2.62,2.89]
chr20	32781667	32781668	ACTGCCGTCTG	1	4.81	[0.58,6.8,5.7,-13.18,4.81]
chr20	32781783	32781784	TGCTCCGTCCT	1	2.16	[1.67,7.52,7.48,0.63,2.16]
chr20	32781861	32781868	GTAGCCGTCTCCGTGAT	2	8.54	[9.1,6.71,10.7,7.85,8.54]
chr20	32781931	32781932	AATAACGGCTC	1	1.09	[-4.59,6.83,2.69,2.93,-0.51,-0.74]
chr20	32781956	32781957	GATGACGCTGG	1	0.41	[-0.51,-1.49,1.87,1.33,4.95,-0.73]
chr20	32782090	32782091	CCAGCCGTGAA	1	4.21	[3.58,4.84,2.13,3.1,6.5,7.32]
chr20	32783025	32783026	CCAAGCGATTC	1	3.21	[-3.35,-0.04,4.53,6.58,6.59,3.21,2.25]
chr20	32783047	32783048	GCTCCCGAGTA	1	2.06	[-5.34,3.72,2.06,1.63,8.58,1.06,2.23]
chr20	32783145	32783146	GGTCTCGAACT	1	1.68	[3.23,1.35,4.48,1.68,2.2,-0.53,-0.16]
chr20	32783177	32783178	TGTCCCGGCCT	1	1.34	[-1.29,2.91,0.2,2.25,2.26,1.21,1.34]
chr20	32783447	32783448	GACACCGTCTG	1	1.885	[7.76,1.34,4.07,1.85,1.92,1.35]
chr20	32783713	32783714	CCACACGTTTC	1	6.005	[5.56,6.45,9.53,7.15,-2.33,3.39]
chr20	32783763	32783764	TCTGTCGCCCA	1	5.7	[6.24,-0.24,11.04,5.16,3.98,12.57]
chr20	32783787	32783794	TGGCACGATCTCGGCTC	2	5.87	[0.62,5.12,5.03,6.62,7.48,9.64]
chr20	32783810	32783811	ACCTCCGCCTC	1	3.625	[4.72,1.6,1.97,7.48,7.69,2.53]
chr20	32783869	32783870	ACAGGCGTGCA	1	1.025	[-8.37,-3.02,-3.9,6.56,6.31,5.07]
chr20	32783964	32783984	GAGTGCGGTGGCGCGATCTCGGCTCGCTGT	5	15.51	[24.56,18.26,13.05,17.83,13.19,8.54]
chr20	32784012	32784013	TTAAGCGGTAC	1	1.53	[-0.02,-2.02,3.08,5.16,4.52,-1.15]
chr20	32784112	32784113	GGTTTCGCCAT	1	5.19	[9.27,5.12,0.69,0.44,10.5,5.26]
chr20	32784162	32784168	CCACCCGCGTCGGCCT	3	5.425	[5.3,5.55,4.27,9.09,9.42,1.55]
chr20	32784193	32784194	TTACACGCCTG	1	7.195	[6.57,3.0,10.93,6.33,7.82,9.24]
chr20	32784476	32784477	CTGCTCGCTGC	1	1.9	[8.47,-3.61,1.85,1.04,4.43,1.95]
chr20	32784537	32784538	CTGCACGAGGA	1	3.55	[9.69,2.41,2.59,1.99,6.75,4.51]
chr20	32784582	32784583	GCTTCCGGGGC	1	0.045	[-0.01,0.1,-0.15,0.36,-2.09,2.19]
chr20	32784594	32784595	TCTGTCGTGGT	1	2.725	[3.0,-2.76,-0.63,8.34,2.78,2.67]
chr20	32784645	32784646	TGACCCGGTCT	1	0.955	[0.45,-1.66,1.46,1.61,-0.75,2.82]
chr20	32784667	32784668	ACAGGCGATCA	1	4.64	[2.52,3.06,7.51,7.97,6.22,1.31]
chr20	32784768	32784778	ACAGGCGATGGCGACGGGGA	3	9.625	[9.47,14.52,10.35,7.29,8.94,9.78]
chr20	32784826	32784827	TCTTCCGGGAA	1	2.415	[2.9,4.41,1.93,0.15,5.22,0.41]
chr20	32784841	32784842	GGACTCGTTCA	1	5.74	[2.43,10.53,5.79,5.69,7.13,1.52]
chr20	32784875	32784876	CACCTCGAGCC	1	2.125	[1.37,1.32,3.38,8.01,1.36,2.88]
chr20	32785058	32785059	TGAGACGGAGT	1	3.08	[3.08,4.98,3.27,-2.38,-0.49,3.56,2.08]
chr20	32785086	32785097	GCTGGCGTGCAATGGCGTGAT	2	11.04	[13.31,4.08,11.04,10.17,11.3,27.9,6.47]
chr20	32785181	32785182	CTACACGCACC	1	4.25	[2.49,4.62,0.03,3.8,7.38,8.29,4.25]
chr20	32785199	32785200	ACACCCGGCCA	1	2.8	[2.8,2.22,0.46,5.24,7.36,1.46,3.8]
chr20	32785258	32785259	GGTCTCGAACT	1	0.695	[0.06,-0.23,3.99,6.14,1.33,-1.34]
chr20	32785330	32785335	CACTGCGCCCGGCTG	2	7.65	[7.33,8.29,5.49,7.97,16.75,3.37]
chr20	32785856	32785857	GAACACGAATT	1	3.545	[3.13,-3.62,3.13,6.07,9.88,3.96]
chr20	32785943	32785944	AGTGACGTGAT	1	5.24	[6.18,5.17,0.64,3.22,5.31,5.76]
chr20	32786129	32786130	CTGCCCGCCTT	1	5.57	[5.09,6.89,3.62,6.17,5.95,5.19]
chr20	32786168	32786179	ATGAGCGAGCCACTGCGCTTG	2	8.96	[9.73,23.29,6.87,14.82,8.19,4.72]
chr20	32786281	32786282	ATTGTCGGGCA	1	2.45	[7.13,3.33,0.75,0.19,5.5,1.57]
chr20	32786442	32786443	GGCCCCGCCAG	1	1.83	[-2.67,1.99,1.4,8.09,16.4,1.67]
chr20	32786504	32786511	AGGTCCGAACTCGAAAT	2	7.655	[8.77,7.15,8.16,15.81,1.62,6.56]
chr20	32786534	32786535	CCAGCCGGGAG	1	2.535	[2.06,-0.35,3.01,3.09,-0.41,5.33]
chr20	32786558	32786583	CCCCACGTTCCACCCGAGGCCGGCAGGGCCGCAAC	4	7.23	[7.58,-4.21,16.25,15.25,6.88,-3.15]
chr20	32786596	32786606	GTGGACGAGTCCCCCGTGGA	2	2.28	[4.96,0.25,9.4,3.89,-5.34,0.67]
chr20	32786616	32786617	GTTCCCGGCTA	1	4.12	[2.68,-2.48,3.57,4.67,5.56,5.95]
chr20	32786657	32786658	CTGCCCGCAGT	1	2.335	[0.65,1.12,4.75,3.0,3.4,1.67]
chr20	32786786	32786787	CTTCCCGTAAG	1	3.16	[3.06,3.16,3.16,3.32,3.55,0.37]
chr20	32786959	32786960	CCTAGCGGGTA	1	2.42	[0.83,-0.36,2.77,2.33,2.51,5.56]
chr20	32786994	32786995	TCCCTCGTCAT	1	2.395	[1.6,3.48,3.19,3.21,0.08,0.44]
chr20	32787075	32787076	GGATACGTGTT	1	6.41	[6.55,-5.64,0.96,6.36,7.33,6.46]
chr20	32787100	32787101	TTCAGCGGTCT	1	3.485	[4.89,1.97,1.97,7.91,3.93,3.04]
chr20	32787166	32787167	GGTGCCGTTGG	1	-1.115	[-2.09,-2.53,0.0,-2.87,-0.14,2.32]
chr20	32787183	32787184	GTCACCGACAT	1	2.565	[-3.09,2.46,-2.71,2.67,2.78,3.55]
chr20	32787238	32787242	TGAGACGGCGGGCA	2	3.295	[0.03,2.77,7.74,-1.33,6.63,3.82]
chr20	32787254	32787273	AGCATCGGCAGGAACGCCATGGCCGTCCC	3	4.69	[3.78,3.13,6.53,9.23,-2.47,5.6]
chr20	32787300	32787301	ACCATCGACCT	1	3.815	[3.28,2.7,4.35,4.49,12.56,2.52]
chr20	32787312	32787313	ACAGACGACAC	1	5.04	[8.08,10.74,5.04,0.66,2.94]
chr20	32787335	32787336	TGGGACGCCCC	1	8.22	[5.26,8.22,10.91,9.37,4.95]
chr20	32787360	32787365	CCCTACGCCCGCCTA	2	12.15	[12.15,3.2,2.06,18.41,17.94]
chr20	32787404	32787405	GTCCCCGCAGG	1	-0.3	[-0.3,1.5,-4.4,-2.39,0.55]
chr20	32787458	32787459	ATGGCCGAGAG	1	1.45	[2.0,-3.02,-0.56,1.45,5.65]
chr20	32787499	32787500	GAACACGGGGA	1	3.2	[1.52,3.69,3.87,3.2,-0.31]
chr20	32787538	32787539	CAGAGCGACAA	1	4.11	[4.11,3.86,9.98,4.54,4.05]
chr20	32787560	32787561	AGTTTCGTAAT	1	4.38	[2.39,7.69,4.38,10.79,0.82]
chr20	32787613	32787614	CACCACGGACC	1	-0.52	[-0.52,-0.72,-0.39,0.26,-0.97]
chr20	32787671	32787672	TACCACGTGAA	1	2.7	[3.38,-1.48,2.19,10.07,2.7]
chr20	32787723	32787728	AACTGCGTACGTTAT	2	12.72	[24.53,12.72,7.1,27.16,8.1]
chr20	32787745	32787750	ATGTACGCCCGTGTG	2	8.4	[7.13,7.77,8.4,9.58,9.68]
chr20	32787841	32787842	GTCAGCGAAGG	1	3.13	[7.15,-0.09,3.13,6.57,1.9,1.06,4.05]
chr20	32787923	32787924	TCTGGCGGGCA	1	2.9	[11.71,1.46,5.71,5.43,2.9,0.33,-1.62]
chr20	32787974	32787975	AGCCACGAGGA	1	3.45	[1.78,-6.81,6.31,4.51,3.77,0.13,3.45]
chr20	32788029	32788030	AGGACCGGCCA	1	2.13	[4.9,1.06,2.13,8.82,2.02,3.2,-0.36]
chr20	32788136	32788137	TTAAACGTGCA	1	2.73	[1.61,2.33,3.67,5.07,2.73,6.31,0.39]
chr20	32788156	32788157	GGATGCGTGCA	1	2.62	[2.1,3.89,3.86,-0.37,2.67,2.62,2.19]
chr20	32788176	32788177	GGATGCGATGG	1	3.49	[-0.95,4.24,3.49,-0.04,4.66,5.19,2.86]
chr20	32788258	32788259	TTGTACGTATG	1	4.3	[9.8,1.47,4.3,18.96,5.2,0.99,-2.51]
chr20	32788366	32788367	TTAACCGATTC	1	3.24	[4.81,2.81,3.24,5.18,3.0,5.38,2.68]
chr20	32788404	32788405	CTGCACGAAGA	1	2.27	[-1.06,-1.02,2.27,3.48,2.63,1.9,2.79]
chr20	32788538	32788539	TCAAGCGATCC	1	0.82	[4.37,0.89,7.1,0.75,3.76,0.55,0.42,0.6]
chr20	32788580	32788581	ACAGGCGTGCA	1	4.69	[7.23,5.98,2.22,3.54,4.69,5.45,4.65]
chr20	32788645	32788646	TTGCCCGGGCT	1	0.72	[3.82,0.72,-2.4,-1.88,1.36,2.01,-0.39]
chr20	32788674	32788675	TCAAGCGATCC	1	5.59	[10.64,2.49,4.77,5.42,5.76,7.26]
chr20	32788688	32788689	TGCCTCGGTCT	1	2.175	[2.67,1.45,1.68,2.69,-0.44,9.28]
chr20	32788726	32788727	AACCACGGTGT	1	1.555	[1.02,2.95,0.62,2.09,0.09,5.17]
chr20	32788882	32788883	GACCTCGTGTG	1	3.555	[-0.68,7.82,-3.29,7.79]
chr20	32788918	32788919	TGGCCCGCCAT	1	-1.275	[2.2,-6.0,2.16,-4.71]
chr20	32788952	32788953	CCAAGCGACAG	1	4.245	[2.29,6.2,7.18,-5.73]
chr20	32788973	32788974	GCATGCGGTGG	1	0.355	[-0.58,4.01,1.29,-2.23]
chr20	32788993	32788994	TTTGGCGATGG	1	1.16	[12.83,0.62,1.7,0.4]
chr20	32789008	32789009	TTCTCCGAGGT	1	2.89	[3.06,3.61,2.72,0.0]
chr20	32789019	32789020	GAGTCCGGGGA	1	1.99	[0.47,2.18,2.05,1.93]
chr20	32789188	32789189	TCACACGGGGG	1	1.275	[1.36,7.96,0.28,1.19]
chr20	32789309	32789310	GGCCACGTGAG	1	4.23	[1.49,11.2,3.26,5.2]
chr20	32789356	32789357	GAGACCGGAAG	1	2.895	[0.69,7.67,-0.33,5.1]
chr20	32789368	32789371	ATGGCCGCGGCCT	2	6.81	[8.01,12.5,5.61,-0.81]
chr20	32789606	32789607	GGGGGCGGTGA	1	9.255	[1.21,11.36,8.95,9.56]
chr20	32789655	32789656	TGGTGCGATCT	1	-0.13	[6.12,-1.93,1.67,-3.52]
chr20	32789678	32789679	ACCTCCGCCTC	1	3.065	[7.62,2.84,3.29,-1.12]
chr20	32789747	32789748	GCCACCGCACC	1	3.745	[7.52,4.68,2.81,0.25]
chr20	32789839	32789845	CCACCCGCCTCGGCCT	2	6.905	[7.45,14.12,6.36,2.37]
chr20	32789870	32789871	ACAGGCGGGAG	1	0.415	[1.2,10.63,-0.37,-0.68]
chr20	32789882	32789883	CACCACGCCTG	1	1.485	[3.2,-1.5,4.69,-0.23]
chr20	32790335	32790336	CCCATCGAGAC	1	3.55	[2.9,3.55,7.74]
chr20	32790469	32790470	GTGTACGCTGT	1	5.34	[5.34,9.34,-0.75]
chr20	32790499	32790500	TTGGGCGCTGG	1	7.36	[7.36,20.55,-1.25]
chr20	32790525	32790526	TGGAGCGGTTT	1	4.86	[8.87,4.86,-2.56]
chr20	32790600	32790601	CATTCCGTGAT	1	0.03	[0.86,-1.17,0.03]
chr20	32790641	32790642	CTTTACGGAGA	1	2.82	[2.82,3.46,2.82]
chr20	32790880	32790881	CTAGTCGAACT	1	0.55	[0.55,0.45,5.09]
chr20	32790898	32790899	TCAAGCGATCC	1	4.44	[4.44,5.77,0.05]
chr20	32790952	32790953	CACTACGTCTG	1	-0.32	[-2.03,-0.25,-0.32]
chr20	32791125	32791126	TGTGTCGAGCA	1	3.53	[3.53,3.47,4.55]
chr20	32791323	32791324	GGGTTCGCCTA	1	3.36	[0.95,5.53,3.36]
chr20	32791373	32791374	AGTGTCGTACC	1	7.22	[9.44,7.22,1.09]
chr20	32791671	32791682	AAGCTCGTCTCCTATCGAAAA	2	8.89	[8.65,0.52,9.13,16.38]
chr20	32791858	32791859	GCCACCGGATT	1	-0.77	[-0.85,2.87,-0.77]
chr20	32791942	32791943	GAGCACGGGCA	1	1.81	[5.48,1.81,0.9]
chr20	32791965	32791966	ATATTCGTATC	1	10.12	[10.12,7.56,10.76]
chr20	32792068	32792069	TGGGCCGTCTT	1	2.31	[-3.32,2.31,2.78]
chr20	32792264	32792265	AGTGCCGCCTT	1	6.61	[9.3,4.68,6.61]
chr20	32792441	32792442	CCTTCCGAGGC	1	2.97	[2.15,3.79]
chr20	32792575	32792576	CCTGGCGAGCA	1	-0.465	[-0.93,0.0]
chr20	32792637	32792638	GGGTGCGAGCT	1	5.125	[8.67,1.58]
chr20	32792797	32792798	GCACCCGCTGC	1	0.8	[2.51,-0.91]
chr20	32792919	32792920	GCATACGAAGG	1	5.915	[4.89,6.94]
chr20	32792950	32792951	TTCCCCGGCCA	1	0.865	[1.91,-0.18]
chr20	32792974	32792975	GGTCACGTGCA	1	5.32	[5.68,4.96]
chr20	32793240	32793241	GTAATCGCAGC	1	1.895	[3.06,0.73]
chr20	32793263	32793264	TGAGGCGAGTG	1	4.045	[4.7,3.39]
chr20	32793281	32793282	TGAGGCGATCA	1	6.875	[4.74,9.01]
chr20	32793358	32793359	CTACCCGGGAG	1	0.59	[0.83,0.35]
chr20	32793412	32793422	CAGTGCGCCGAGATCGCACC	3	11.415	[5.15,17.68]
chr20	32793547	32793559	TAAGTCGAAGGTGCGTCGTGCA	3	8.685	[1.38,15.99]
chr20	32793593	32793594	AAATACGGTAT	1	2.56	[0.86,4.26]
chr20	32793764	32793765	GTTAACGTTGG	1	1.86	[-1.34,5.06]
chr20	32794056	32794057	GCTCACGCTTA	1	-1.08	[-2.32,0.16]
chr20	32794120	32794121	TGGGACGCTGA	1	7.75	[5.0,10.5]
chr20	32794396	32794397	AAAAACGAGGC	1	1.33	[0.71,1.95]
chr20	32794470	32794471	GTGGTCGGGAG	1	-1.735	[0.12,-3.59]
chr20	32794506	32794507	AACCCCGTCTC	1	3.66	[4.25,3.07]
chr20	32794594	32794595	GGAGGCGGAGG	1	4.845	[1.77,7.92]
chr20	32794620	32794621	ATCCACGTCAT	1	0.81	[-0.0,1.62]
chr20	32794690	32794691	TTTAGCGCTAA	1	6.325	[7.0,5.65]
chr20	32794934	32794935	TAAAACGTGCA	1	2.22	[1.35,3.09]
chr20	32795137	32795138	TGAATCGAGCT	1	7.965	[4.1,11.83]
chr20	32795350	32795351	GGGCCCGCATT	1	4.655	[4.49,4.82]
chr20	32795381	32795382	AGCCACGGCTG	1	2.53	[4.56,0.5]
chr20	32795419	32795426	AGACTCGAAGACGCACA	2	14.26	[15.36,13.16]
chr20	32795436	32795437	GCTGACGACTC	1	2.18	[4.49,-0.13]
chr20	32795463	32795474	TGCCCCGCACCCAAGCGCCTC	2	13.36	[12.58,14.14]
chr20	32795499	32795510	AACAACGGCAAAGACCGAGGG	2	4.39	[7.07,1.71]
chr20	32795530	32795531	AGAGCCGAGGT	1	3.185	[3.66,2.71]
chr20	32795578	32795579	GAGGACGCTGC	1	2.36	[1.84,2.88]
chr20	32795606	32795607	GTACCCGGCTC	1	1.45	[3.41,-0.51]
chr20	32795698	32795699	GGTAACGTTCT	1	1.865	[2.31,1.42]
chr20	32795940	32795941	TTGGCCGGGAG	1	1.63	[-0.25,3.51]
chr20	32796207	32796208	GAACCCGGGGA	1	0.68	[-0.5,1.86]
chr20	32796220	32796221	AGCTTCGGTTT	1	0.75	[2.39,-0.89]
chr20	32796542	32796543	CTCAGCGTTCT	1	5.29	[10.4,0.18]
chr20	32796820	32796821	AACCCCGTGTC	1	0.115	[-2.45,2.68]
chr20	32796866	32796867	CATGCCGGGTA	1	2.465	[-0.02,4.95]
chr20	32797038	32797039	TGGCACGCAGG	1	1.075	[3.07,-0.92]
chr20	32797127	32797128	CAAGCCGGCAG	1	1.03	[-2.89,4.95]
chr20	32797154	32797155	GTCTCCGATTT	1	1.405	[1.63,1.18]
chr20	32797189	32797190	AGGATCGCTTC	1	8.925	[16.32,1.53]
chr20	32797221	32797222	GATGACGATGG	1	2.425	[3.44,1.41]
chr20	32797254	32797262	TGCTGCGAGGGCCGAGAG	2	1.975	[3.43,0.52]
chr20	32797286	32797287	CAACACGAGCT	1	9.635	[9.43,9.84]
chr20	32797297	32797298	GCTGCCGGTGA	1	0.99	[3.24,-1.26]
chr20	32797350	32797351	TCCTACGTTCC	1	1.665	[3.37,-0.04]
chr20	32797500	32797501	GGGAACGGCTC	1	4.215	[2.18,6.25]
chr20	32797768	32797769	ATTCTCGTGCC	1	4.885	[6.6,3.17]
chr20	32797805	32797816	AAGTGCGGAGCACCACGCCCA	2	7.035	[3.09,10.98]
chr20	32797878	32797879	TGTCTCGAACT	1	1.455	[1.28,1.63]
chr20	32797964	32797965	TCCACCGTGCC	1	2.5	[2.81,2.19]
chr20	32798007	32798016	ATAAACGCTGCCTCGGCTG	2	7.865	[4.7,11.03]
chr20	32799074	32799075	AGGCTCGTGTG	1	6.56	[3.22,9.9]
chr20	32799138	32799139	GGCTACGGCAA	1	1.635	[1.25,2.02]
chr20	32799272	32799295	ATTCCCGCAGCCCGAAGGCGGCCCATTCGAGTC	4	21.35	[28.3,14.4]
chr20	32799320	32799323	GGCATCGCGACAG	2	4.09	[6.41,1.77]
chr20	32799335	32799336	GAGTTCGGGGA	1	0.08	[0.07,0.09]
chr20	32799361	32799362	GCTATCGTGTC	1	9.355	[11.56,7.15]
chr20	32799536	32799537	TTTTTCGAGAT	1	3.035	[5.53,0.54]
chr20	32799579	32799580	AATGGCGTGAT	1	3.42	[2.94,3.9]
chr20	32799610	32799611	ATCTCCGAGGT	1	5.115	[6.66,3.57]
chr20	32799673	32799674	CACCACGCCCA	1	7.265	[12.49,2.04]
chr20	32799697	32799706	TTTTTCGTAGAGACGGGGT	2	5.69	[-0.71,12.09]
chr20	32799718	32799719	CTCCACGTTGG	1	3.11	[2.79,3.43]
chr20	32799736	32799737	GGTCTCGAATT	1	1.955	[1.29,2.62]
chr20	32799781	32799782	CAAACCGCTGG	1	1.155	[1.03,1.28]
chr20	32799806	32799807	ACCACCGTGCC	1	1.64	[2.96,0.32]
chr20	32800013	32800014	TGGTGCGTGTA	1	1.885	[2.18,1.59]
chr20	32800038	32800039	TTGAACGCATG	1	-0.5	[0.23,-1.23]
chr20	32800195	32800199	AAGTACGTCGCTTC	2	7.42	[8.22,6.62]
chr20	32800237	32800247	GGAACCGTGAAGCACGAGGG	2	3.8	[9.47,-1.87]
chr20	32800264	32800274	AAATACGTGAACGACGTGAG	3	9.56	[9.98,9.14]
chr20	32800319	32800320	CCTTGCGGGCC	1	1.925	[2.92,0.93]
chr20	32800550	32800561	CCTCCCGGGTTTAAGCGATTC	2	3.38	[3.34,3.42]
chr20	32800677	32800678	GGTCTCGAACT	1	2.885	[3.7,2.07]
chr20	32800706	32800710	ACCCCCGCCGTCAG	2	4.1	[2.31,5.89]
chr20	32800745	32800746	CACCTCGTCCA	1	3.57	[3.23,3.91]
chr20	32800757	32800758	CCCCACGCAAG	1	4.995	[7.97,2.02]
chr20	32800869	32800870	ATTGGCGGAAG	1	5.35	[8.15,2.55]
chr20	32800884	32800885	TGCAACGATCT	1	1.985	[1.35,2.62]
chr20	32801061	32801062	GCCTACGCTCC	1	3.725	[1.9,5.55]
chr20	32801253	32801254	CCCTGCGCTGT	1	2.18	[0.22,4.14]
chr20	32801288	32801289	CAGGCCGGCTC	1	2.155	[0.62,3.69]
chr20	32801299	32801300	TTCTTCGAATT	1	1.475	[2.72,0.23]
chr20	32801327	32801328	ACTCACGCCCC	1	10.925	[10.33,11.52]
chr20	32801348	32801353	ATGACCGGCCGTTCT	2	2.405	[4.45,0.36]
chr20	32801395	32801396	GTTGGCGACAA	1	5.8	[2.04,9.56]
chr20	32801414	32801415	TCTCACGGTTC	1	3.03	[2.81,3.25]
chr20	32801476	32801477	GAAAGCGCTGC	1	0.475	[2.64,-1.69]
chr20	32801529	32801530	TTTCCCGTTCT	1	2.66	[1.81,3.51]
chr20	32801738	32801739	ACCACCGTGCC	1	2.18	[-1.07,5.43]
chr20	32801826	32801827	CAATCCGCCCA	1	3.685	[3.64,3.73]
chr20	32801840	32801841	CCCAACGTGTT	1	-0.34	[1.16,-1.84]
chr20	32802111	32802112	GCCCACGGTGT	1	0.89	[1.92,0.89,-0.04]
chr20	32802139	32802140	TCTGGCGTATC	1	7.81	[-0.21,7.81,11.7]
chr20	32802156	32802157	GATACCGTCTC	1	5.0	[1.42,5.0,7.22]
chr20	32802278	32802279	GGATCCGTGCC	1	0.06	[6.6,-1.29,0.06]
chr20	32802435	32802436	GGGCCCGATAC	1	3.64	[3.64,-0.08,7.16]
chr20	32802458	32802459	CTACCCGGGAT	1	1.67	[1.67,3.05,0.23]
chr20	32802605	32802610	GTGGTCGTGCGGGTT	2	9.13	[6.8,11.46]
chr20	32802714	32802715	TCCCACGTGGC	1	1.29	[-0.13,2.71]
chr20	32802736	32802737	GCTCACGCCTG	1	5.27	[5.32,5.22]
chr20	32802764	32802765	GAGGCCGAGGC	1	5.43	[3.62,7.24]
chr20	32802778	32802779	AGGATCGCTTG	1	1.58	[-1.18,4.34]
chr20	32802827	32802828	GACCCCGTCTC	1	0.45	[-0.96,1.86]
chr20	32802954	32802955	CTCCCCGTTGA	1	0.525	[5.47,-4.42]
chr20	32802972	32802973	ACAGCCGTCTG	1	0.74	[2.01,-0.53]
chr20	32803002	32803003	GTTACCGGTGC	1	1.565	[1.57,1.56]
chr20	32803033	32803034	TGAAGCGATCT	1	2.09	[0.85,3.33]
chr20	32803149	32803150	GTTATCGTATA	1	2.33	[3.66,1.0]
chr20	32803432	32803433	TTGCCCGTGTA	1	2.155	[2.9,1.41]
chr20	32803537	32803538	TGTTACGCTGT	1	-0.365	[-0.35,-0.38]
chr20	32803572	32803573	CATGTCGATAG	1	4.34	[5.25,3.43]
chr20	32803586	32803587	CATGCCGAAGG	1	9.4	[8.54,10.26]
chr20	32803631	32803632	GCTGGCGGATG	1	2.155	[2.27,2.04]
chr20	32803676	32803677	TCTAGCGAAGG	1	3.73	[1.32,6.14]
chr20	32803836	32803837	GGTACCGCTGA	1	2.295	[4.46,0.13]
chr20	32803935	32803936	GGAGGCGGGAA	1	1.55	[2.6,0.5]
chr20	32804091	32804092	AAGGACGGATC	1	-0.94	[-2.29,0.41]
chr20	32804302	32804303	CAAGGCGGGGC	1	1.52	[0.08,2.96]
chr20	32804356	32804357	CATGTCGGAGG	1	-0.065	[0.32,-0.45]
chr20	32804470	32804478	AGGCACGGTTCCCGTTCT	2	7.17	[9.08,5.26]
chr20	32804507	32804508	CTTGACGTTCC	1	6.045	[2.6,9.49]
chr20	32804532	32804541	ATGGCCGTCCCTGCGTCCA	2	10.115	[10.43,9.8]
chr20	32804793	32804794	TTAAGCGATCC	1	2.075	[2.03,2.12]
chr20	32804851	32804852	GCAGGCGGTTG	1	1.675	[3.51,-0.16]
chr20	32804911	32804912	CAAACCGTGGG	1	2.47	[3.3,1.64]
chr20	32805011	32805012	TGACTCGCTCA	1	5.78	[7.43,4.13]
chr20	32805340	32805341	AGGCCCGTGAT	1	1.75	[0.08,3.42]
chr20	32805367	32805368	AAACTCGAGCT	1	1.205	[0.27,2.14]
chr20	32805413	32805414	TAAGACGAGCT	1	-0.255	[-3.15,2.64]
chr20	32805509	32805510	CCCCACGTGAC	1	6.065	[2.88,9.25]
chr20	32805588	32805589	ACATTCGTGAT	1	2.08	[2.14,2.02]
chr20	32805603	32805607	AATCACGACGAGAA	2	4.515	[0.34,8.69]
chr20	32805892	32805901	CCCCACGTGATCTCGTTCA	2	9.135	[7.81,10.46]
chr20	32805958	32805959	GTTAACGTCTT	1	3.32	[2.36,4.28]
chr20	32806013	32806014	CTTTTCGCTCC	1	8.645	[3.77,13.52]
chr20	32806039	32806042	TCTCCCGCGCCTG	2	9.845	[8.96,10.73]
chr20	32806105	32806114	TCTGCCGCACCTGCGCTCT	2	14.845	[8.61,21.08]
chr20	32806239	32806246	CAAGTCGAACTCGATCA	2	7.12	[5.67,8.57]
chr20	32806321	32806322	GAGCTCGAAAG	1	6.05	[7.37,4.73]
chr20	32806444	32806445	TGGGGCGAGGA	1	5.12	[0.68,9.56]
chr20	32806472	32806473	TAGTTCGCCCT	1	8.5	[11.99,5.01]
chr20	32806497	32806498	AATGGCGGAGG	1	2.29	[1.31,3.27]
chr20	32806575	32806576	ACTGCCGTGAC	1	0.715	[3.01,-1.58]
chr20	32806611	32806612	CACTACGATGT	1	-0.61	[1.75,-2.97]
chr20	32807096	32807097	GTAGACGCTAA	1	0.345	[0.63,0.06]
chr20	32807160	32807161	ACCCACGCAGC	1	3.66	[1.43,5.89]
chr20	32807327	32807328	TCATCCGGCAG	1	3.85	[5.1,3.85,-0.03]
chr20	32807569	32807570	CAAAACGGGGG	1	0.61	[2.29,0.61,0.59]
chr20	32807669	32807670	GATGGCGAGGG	1	-1.63	[-1.63,-2.16,-0.63]
chr20	32807749	32807750	CACTCCGGTAC	1	5.4	[6.71,5.4,4.27]
chr20	32807791	32807792	ACAGACGTGTC	1	1.72	[3.84,1.72,-5.59]
chr20	32807807	32807817	TGGGCCGTGGTGCCCGCCAG	2	0.71	[2.77,-2.65,0.71]
chr20	32807845	32807846	TGGAGCGTGCC	1	-0.34	[5.45,-0.34,-0.69]
chr20	32807858	32807859	TCATCCGACAC	1	0.14	[-3.09,3.43,0.14]
chr20	32807869	32807870	CTCTTCGCCCC	1	0.41	[-7.24,7.97,0.41]
chr20	32808014	32808015	CATACCGTGTA	1	-0.41	[-4.86,-0.41,2.21]
chr20	32808085	32808086	GGTGCCGCCTC	1	6.49	[6.49,16.41,-2.55]
chr20	32808133	32808134	TAACACGGTGC	1	1.35	[1.35,2.6,-0.88]
chr20	32808185	32808186	AGCAACGTGGC	1	3.65	[1.82,3.65,4.7]
chr20	32808259	32808260	AGTGCCGACAG	1	4.28	[4.28,2.08,4.77]
chr20	32808360	32808361	ACAGACGTGTG	1	2.44	[2.07,4.61,2.44]
chr20	32808411	32808412	AGGATCGTTTT	1	3.44	[3.51,3.44,3.11]
chr20	32808462	32808463	TTACCCGGCAC	1	1.99	[3.35,1.99,1.46]
chr20	32808504	32808505	CTGCACGGGAC	1	1.1	[-0.42,1.24,1.1]
chr20	32808555	32808556	GATGACGTCAT	1	2.54	[6.2,2.54,0.34]
chr20	32808631	32808632	CTCCCCGTGAC	1	2.63	[1.87,2.63,4.15]
chr20	32808970	32808971	AAGCTCGGTGC	1	2.4	[2.4,1.91,3.4]
chr20	32809019	32809020	GAAGTCGTTTT	1	1.35	[0.72,1.35,1.42]
chr20	32809034	32809035	GAGAACGGGAA	1	0.92	[0.92,4.06,0.84]
chr20	32809132	32809133	AACAACGTTGA	1	3.6	[1.62,6.3,3.6]
chr20	32809199	32809200	TTTAACGTTTT	1	0.16	[-1.85,0.16,3.72]
chr20	32809234	32809238	AGCCACGACGTAAC	2	1.51	[1.51,2.98,-0.8]
chr20	32809307	32809308	GATGACGGATG	1	-0.12	[-0.12,0.67,-0.47]
