chromosome	start	end	num_motifs_in_group	called_sites	called_sites_methylated	methylated_frequency	group_sequence
chr19	10133518	10133518	1	2	2	1.000	ATAAGCGAACC
chr19	10133653	10133653	1	1	0	0.000	GGTGACGGGAG
chr19	10133739	10133751	3	3	3	1.000	GAACACGCCCGGTGTCACGCCAC
chr19	10133765	10133765	1	1	1	1.000	ACAGGCGAGTA
chr19	10133799	10133799	1	1	1	1.000	ATTAACGTACT
chr19	10133848	10133854	2	2	2	1.000	GGGAACGTTCACGGAGA
chr19	10133876	10133876	1	1	1	1.000	TCAAACGGTCC
chr19	10133949	10133949	1	1	1	1.000	TTCACCGAGCA
chr19	10133968	10133968	1	1	1	1.000	GGAAACGGCCC
chr19	10134023	10134023	1	1	1	1.000	CAGCACGCCTG
chr19	10134045	10134045	1	2	2	1.000	TGACACGTGCA
chr19	10134095	10134099	2	2	2	1.000	GGCCACGAACGTGGG
chr19	10134114	10134114	1	1	1	1.000	TGACCCGCCTG
chr19	10134137	10134137	1	1	1	1.000	CAAAACGGTGG
chr19	10134230	10134230	1	2	2	1.000	TCTCTCGGGCT
chr19	10134504	10134504	1	2	2	1.000	CATCCCGCCCC
chr19	10134566	10134566	1	2	2	1.000	AGACACGTGGG
chr19	10134590	10134590	1	2	2	1.000	GCTCACGCCTG
chr19	10134650	10134650	1	2	2	1.000	GAGTTCGAGAG
chr19	10134662	10134662	1	1	1	1.000	AGCCTCGCCAA
chr19	10134681	10134681	1	2	2	1.000	AACCCCGTCTC
chr19	10134896	10134901	2	4	4	1.000	AGACACGTTTCGCTCC
chr19	10134933	10134936	2	2	2	1.000	CTGGCCGGCGCAGT
chr19	10134976	10134985	2	2	2	1.000	GAGGCCGAGGCAGGCGGATC
chr19	10135008	10135008	1	1	1	1.000	GAGTTCGGGAC
chr19	10135152	10135152	1	1	1	1.000	AGTTGCGGTGA
chr19	10135168	10135168	1	2	2	1.000	GATCACGCCAC
chr19	10135190	10135190	1	1	1	1.000	CTGGGCGAAAG
chr19	10135248	10135248	1	2	2	1.000	CTTCCCGAGAA
chr19	10135261	10135261	1	2	2	1.000	AGATTCGGGGG
chr19	10135296	10135296	1	1	1	1.000	AGAACCGTGGA
chr19	10135321	10135323	2	4	4	1.000	CAATGCGCGTGCC
chr19	10135387	10135387	1	2	2	1.000	CAACCCGACAC
chr19	10135440	10135440	1	2	2	1.000	TACAGCGAGTG
chr19	10135452	10135452	1	1	1	1.000	GCTGTCGCCAC
chr19	10135483	10135488	3	6	6	1.000	TTTAGCGCGACGGACT
chr19	10135550	10135550	1	1	1	1.000	AGGGACGCAGC
chr19	10135562	10135562	1	1	1	1.000	TGACTCGGATG
chr19	10135593	10135593	1	2	2	1.000	TGGGCCGTCTT
chr19	10135637	10135645	2	4	4	1.000	GCAGGCGTCCTCCCGGAAG
chr19	10135657	10135657	1	2	2	1.000	GACTGCGCTGG
chr19	10135716	10135723	3	3	3	1.000	CCCAGCGGGCGCCGCCCC
chr19	10135739	10135739	1	2	1	0.500	CCTGCCGGTGC
chr19	10135761	10135769	2	4	4	1.000	GTTGCCGAAGAGCCGGTAG
chr19	10135796	10135796	1	1	1	1.000	GGGAGCGGGCA
chr19	10135808	10135812	2	4	4	1.000	ACTCCCGCACGCTCA
chr19	10135823	10135823	1	2	2	1.000	CCACACGGTGC
chr19	10135845	10135847	2	2	2	1.000	GAGCACGCGGCCC
chr19	10135866	10135875	3	6	6	1.000	AGAGGCGCGGTGGGCGAGGG
chr19	10135943	10135943	1	2	2	1.000	GCATACGGCCA
chr19	10135973	10135979	2	2	2	1.000	TGTCCCGTGGACGTGGA
chr19	10136069	10136069	1	1	0	0.000	TAGGCCGCCAA
chr19	10136098	10136098	1	1	1	1.000	GCCCTCGGATG
chr19	10136137	10136137	1	1	1	1.000	GGGCTCGGGGT
chr19	10136167	10136176	2	4	4	1.000	GAAGCCGTCCCACTCGAGCC
chr19	10136211	10136218	2	2	2	1.000	TGTGCCGGTTCCCGGTGT
chr19	10136266	10136272	2	2	2	1.000	GGCTGCGGGGTCGCAGG
chr19	10136284	10136284	1	1	1	1.000	TTTGCCGGCTG
chr19	10136424	10136424	1	2	2	1.000	ATCCTCGTTCT
chr19	10136465	10136465	1	2	2	1.000	TGTCTCGCTCT
chr19	10136537	10136537	1	2	2	1.000	TCAAGCGATTC
chr19	10136579	10136595	4	4	4	1.000	ATAGGCGTGCGACACCACGCCCGGCTA
chr19	10136654	10136654	1	2	2	1.000	GATCTCGAGCT
chr19	10136724	10136724	1	2	2	1.000	GCCATCGTGCC
chr19	10136872	10136872	1	2	2	1.000	CCTCCCGCCTT
chr19	10137058	10137058	1	1	1	1.000	CCCACCGGGAA
chr19	10137090	10137090	1	2	2	1.000	TTCCACGCAGG
chr19	10137107	10137107	1	1	1	1.000	CCCCACGGAGG
chr19	10137128	10137132	2	4	4	1.000	TGCTGCGGCCGTTCT
chr19	10137158	10137158	1	1	1	1.000	TATACCGCAGC
chr19	10137180	10137180	1	2	2	1.000	GGTGCCGTCTG
chr19	10137191	10137198	2	4	4	1.000	AGAGCCGCACCTCGATGT
chr19	10137213	10137215	2	2	2	1.000	CAGATCGCGCCAG
chr19	10137248	10137254	2	4	4	1.000	TGTGCCGCATGCGGGCA
chr19	10137327	10137327	1	1	1	1.000	GCATCCGAGCA
chr19	10137391	10137398	2	4	4	1.000	GCTCACGCCCATCGGGAA
chr19	10137422	10137422	1	1	1	1.000	GATATCGCACT
chr19	10137433	10137441	2	2	2	1.000	TGGCTCGAGGCCACGGCAG
chr19	10137460	10137460	1	1	1	1.000	GGCAGCGCAGG
chr19	10137476	10137476	1	2	1	0.500	GAGAGCGTGGG
chr19	10137569	10137569	1	1	1	1.000	ACATGCGGGGA
chr19	10137777	10137777	1	2	2	1.000	TCCCACGAGGC
chr19	10137798	10137798	1	1	1	1.000	GGCCTCGAGGA
chr19	10137809	10137809	1	1	1	1.000	GGAGCCGCTCT
chr19	10137869	10137874	2	4	4	1.000	CTGTGCGCCCCGGAGC
chr19	10137908	10137908	1	1	1	1.000	CTCCCCGTTGT
chr19	10137930	10137930	1	2	2	1.000	AGTGCCGAGGC
chr19	10137943	10137988	7	14	14	1.000	CATTCCGCACCTCCGGCAGGTCGGACATCGTGTCTCGCACCGTGATGGTCCGGAAA
chr19	10137999	10137999	1	1	1	1.000	GGACCCGAGCT
chr19	10138047	10138047	1	2	2	1.000	ATGCACGCAGC
chr19	10138106	10138106	1	1	1	1.000	TCTCCCGAGAT
chr19	10138124	10138124	1	2	2	1.000	CTGCCCGAGGT
chr19	10138184	10138184	1	1	1	1.000	TATGGCGTGGG
chr19	10138217	10138225	2	2	2	1.000	GCATGCGGCTGGCCGCTCT
chr19	10138314	10138314	1	2	2	1.000	AGCACCGTGTG
chr19	10138403	10138403	1	1	0	0.000	CTGCTCGGCAG
chr19	10138421	10138424	2	2	2	1.000	AGGAGCGACGGGGG
chr19	10138478	10138478	1	2	2	1.000	CACCACGCTCA
chr19	10138495	10138495	1	1	1	1.000	AGGCCCGGGGA
chr19	10138508	10138508	1	2	2	1.000	AAACACGTGCA
chr19	10138521	10138521	1	1	0	0.000	GGCTCCGGGAA
chr19	10138551	10138553	2	2	2	1.000	GGGGCCGCGGCCA
chr19	10138570	10138570	1	2	2	1.000	TGGCCCGCCTC
chr19	10138621	10138621	1	1	1	1.000	AAGGACGGACA
chr19	10138695	10138695	1	1	1	1.000	TGAGTCGGGAG
chr19	10138714	10138714	1	1	0	0.000	CAATGCGGAGT
chr19	10138753	10138753	1	1	1	1.000	GCAGGCGTGCT
chr19	10138845	10138855	2	4	4	1.000	CCCTGCGGGGAAGTCCGGCCA
chr19	10138931	10138931	1	2	2	1.000	CCTGTCGCTTC
chr19	10138967	10138967	1	1	1	1.000	GAGAACGTGGC
chr19	10139003	10139003	1	1	1	1.000	TGAGTCGCCCT
chr19	10139220	10139220	1	2	2	1.000	ACCCTCGGCCA
chr19	10139244	10139244	1	2	2	1.000	GTGTGCGCAGT
chr19	10139281	10139281	1	2	2	1.000	CCAATCGAACA
chr19	10139292	10139292	1	2	2	1.000	GCTGCCGCCTA
chr19	10139310	10139310	1	2	2	1.000	CTCTGCGCACC
chr19	10139329	10139329	1	1	1	1.000	CCTCCCGCTCT
chr19	10139390	10139390	1	2	2	1.000	CCCATCGAGGG
chr19	10139418	10139418	1	2	2	1.000	CATGGCGAGAA
chr19	10139455	10139455	1	2	2	1.000	ATGTTCGAGAA
chr19	10139481	10139481	1	1	1	1.000	ACTAGCGGTGG
chr19	10139500	10139510	2	2	2	1.000	GGGGCCGGCTGAGCACGCATC
chr19	10139624	10139631	2	4	4	1.000	CTGGCCGGGTCACGTGCT
chr19	10139654	10139654	1	2	2	1.000	CTGCCCGCCCC
chr19	10139683	10139686	2	4	4	1.000	CAGCACGCCGAAGG
chr19	10139709	10139709	1	1	1	1.000	CCATGCGGACC
chr19	10139721	10139721	1	2	2	1.000	GGCAGCGGAGG
chr19	10139748	10139748	1	2	2	1.000	TGGAGCGCTTG
chr19	10139793	10139809	3	6	6	1.000	AGAACCGGGGCCGGTAGTAGTCGCAGT
chr19	10139871	10139871	1	2	2	1.000	AGAAACGACCC
chr19	10139897	10139897	1	2	2	1.000	CCTCACGAATG
chr19	10139971	10139971	1	2	2	1.000	CAGGGCGAAAA
chr19	10139994	10139994	1	2	2	1.000	ACATGCGGCAC
chr19	10140005	10140010	2	2	2	1.000	AGCCCCGGGCCGTCTG
chr19	10140038	10140038	1	2	2	1.000	CTACCCGTTTA
chr19	10140090	10140112	4	4	4	1.000	AGGTGCGCGAATTGAAGCGGTTCATGCCGCTGA
chr19	10140131	10140139	3	6	6	1.000	CAGGGCGGCCCGCCGCACA
chr19	10140154	10140154	1	2	2	1.000	CTCCACGTCTC
chr19	10140174	10140183	3	6	6	1.000	GCAGCCGCTGGCCGCGGGAG
chr19	10140256	10140256	1	1	1	1.000	GGAGCCGGGGT
chr19	10140270	10140284	3	9	9	1.000	TCAGCCGGAACGCCTGGGCCGCAGG
chr19	10140301	10140301	1	3	3	1.000	CATCTCGATGG
chr19	10140314	10140314	1	3	3	1.000	CACAGCGTGTC
chr19	10140343	10140343	1	1	1	1.000	AAGCACGAAGC
chr19	10140399	10140399	1	3	3	1.000	AGTCTCGCTCT
chr19	10140471	10140471	1	3	3	1.000	TCAAGCGATTC
chr19	10140525	10140525	1	3	3	1.000	CACCACGCCCA
chr19	10140557	10140557	1	1	1	1.000	AGAGACGGGGT
chr19	10140646	10140656	3	9	9	1.000	ACAGGCGTGCGCCACCGTGCC
chr19	10140668	10140668	1	1	1	1.000	GGCCTCGGAAG
chr19	10140712	10140712	1	1	1	1.000	GAAGTCGTTTC
chr19	10140732	10140732	1	3	3	1.000	CTGCCCGGTCT
chr19	10140769	10140773	2	6	6	1.000	GCCTACGGGCGCTCA
chr19	10140799	10140799	1	3	3	1.000	CCCTCCGACAA
chr19	10140810	10140810	1	2	2	1.000	CCCCCCGCAGC
chr19	10140836	10140836	1	3	3	1.000	GGGTCCGCAGC
chr19	10140870	10140874	2	4	4	1.000	TGGCTCGCTCGGCTC
chr19	10140937	10140937	1	3	3	1.000	AAACCCGATCC
chr19	10140972	10140972	1	3	3	1.000	TCAAGCGCCTT
chr19	10140989	10140995	2	6	6	1.000	TCAGGCGGCCTCGCTGT
chr19	10141099	10141099	1	3	2	0.667	AATGACGTACC
chr19	10141139	10141139	1	2	2	1.000	GGCTACGGGCA
chr19	10141211	10141211	1	3	3	1.000	GCAATCGTTTG
chr19	10141226	10141226	1	1	1	1.000	AGAAACGCACT
chr19	10141245	10141245	1	2	2	1.000	TCTAACGCAGA
chr19	10141502	10141502	1	2	2	1.000	GAGAACGTGGA
chr19	10141513	10141513	1	2	2	1.000	TGTATCGTTTT
chr19	10141531	10141531	1	1	1	1.000	CAACACGGAAA
chr19	10141583	10141583	1	2	2	1.000	TGACTCGTGGG
chr19	10141601	10141601	1	3	2	0.667	CATAACGAGGG
chr19	10141612	10141612	1	3	3	1.000	CCACCCGCACA
chr19	10141639	10141645	2	6	6	1.000	CTGGACGTAGGCGCCTG
chr19	10141738	10141738	1	3	3	1.000	CTCAACGTTCA
chr19	10141764	10141764	1	3	3	1.000	TAAAACGTTAG
chr19	10141782	10141782	1	3	3	1.000	AATGACGTACT
chr19	10141814	10141814	1	1	1	1.000	AACTCCGGGAC
chr19	10141869	10141869	1	3	3	1.000	ACCCCCGTAAA
chr19	10141895	10141895	1	1	1	1.000	CTTCACGTCAG
chr19	10141945	10141945	1	2	2	1.000	CAAGCCGCCTT
chr19	10141961	10141961	1	3	3	1.000	TAACCCGACAT
chr19	10141994	10141994	1	3	3	1.000	GACCCCGAAGC
chr19	10142029	10142029	1	3	3	1.000	CACCTCGAGGA
chr19	10142043	10142053	2	4	4	1.000	AGAAGCGGTTGGGGCCGCCCA
chr19	10142074	10142080	2	6	6	1.000	CTGGACGCACTCGGGCA
chr19	10142104	10142112	2	4	4	1.000	CTCCACGGTGCAGCGGCCC
chr19	10142140	10142152	3	6	6	1.000	CACCACGGCCTCCTCGTCGCTCC
chr19	10142179	10142189	2	4	4	1.000	GTCTGCGTGGTAGCTCGCTGG
chr19	10142223	10142227	2	6	6	1.000	GCCTGCGAGCGGGAG
chr19	10142239	10142239	1	2	1	0.500	GGCCTCGTTAG
chr19	10142335	10142342	2	6	6	1.000	TAGTTCGAGAACCGCAGG
chr19	10142504	10142504	1	1	1	1.000	GGAATCGCAGG
chr19	10142604	10142604	1	1	1	1.000	GGAACCGCCAG
chr19	10142621	10142621	1	2	2	1.000	ACCCCCGACCC
chr19	10142637	10142637	1	2	2	1.000	GGAACCGCAGG
chr19	10142667	10142667	1	1	1	1.000	GGAACCGCAGG
chr19	10142729	10142729	1	1	0	0.000	GGAACCGCAGG
chr19	10142778	10142778	1	2	2	1.000	AGATTCGCCCC
chr19	10142848	10142848	1	2	2	1.000	CTGCACGCCTG
chr19	10142872	10142879	2	4	4	1.000	GTGTCCGCCTGCCGGTAG
chr19	10142893	10142893	1	1	1	1.000	CCTCTCGAGTG
chr19	10143046	10143046	1	1	1	1.000	ATCACCGCAAG
chr19	10143077	10143077	1	2	2	1.000	GAAAACGTAAT
chr19	10143153	10143153	1	1	1	1.000	GACAGCGGGAC
chr19	10143221	10143221	1	2	2	1.000	CTACCCGTTTT
chr19	10143238	10143238	1	1	1	1.000	TGAGACGGGGT
chr19	10143261	10143261	1	1	1	1.000	CAGGCCGGAGT
chr19	10143359	10143359	1	1	1	1.000	ACAGGCGTGTG
chr19	10143371	10143371	1	1	1	1.000	CACCACGCCCA
chr19	10143411	10143411	1	1	1	1.000	AGGGCCGGGGT
chr19	10143424	10143424	1	2	2	1.000	CACTACGTTTC
chr19	10143503	10143503	1	1	1	1.000	AGAGGCGTGAG
chr19	10143624	10143624	1	2	2	1.000	CCCACCGATAA
chr19	10143738	10143738	1	2	2	1.000	GGCCTCGTGGA
chr19	10143814	10143814	1	2	2	1.000	CCTGCCGTTGC
chr19	10143849	10143858	2	4	4	1.000	TGATCCGGCCAATTCGGTAG
chr19	10143901	10143901	1	1	1	1.000	GTAGTCGGAGT
chr19	10143912	10143912	1	1	1	1.000	ATTTCCGGTAG
chr19	10143943	10143943	1	2	2	1.000	ATCCACGGGCT
chr19	10143954	10143967	3	3	3	1.000	CCTTCCGTGGGCGTTTCACGGGAC
chr19	10144146	10144146	1	2	2	1.000	GCTCACGCCTG
chr19	10144204	10144204	1	1	1	1.000	AAGTTCGAGAC
chr19	10144263	10144263	1	1	1	1.000	TTAGCCGGGTG
chr19	10144461	10144461	1	2	2	1.000	AAGCACGCATT
chr19	10144476	10144476	1	2	2	1.000	CTCTGCGCATT
chr19	10144490	10144490	1	2	2	1.000	GGCTACGGTGG
chr19	10144534	10144534	1	2	2	1.000	CCTCCCGACTA
chr19	10144569	10144569	1	1	0	0.000	TGTGACGTGGG
chr19	10144662	10144662	1	2	2	1.000	TCCAGCGGCCC
chr19	10144723	10144746	4	8	8	1.000	CACCTCGTATGAGCGAGACAGCGGCTACCGTGGT
chr19	10144807	10144807	1	2	2	1.000	AATCTCGGCTC
chr19	10144840	10144854	3	3	3	1.000	TCAAGCGATTCTCGTGCCTCGGCCT
chr19	10144987	10144987	1	2	2	1.000	GCCACCGCACC
chr19	10145054	10145054	1	2	2	1.000	ACCTACGCTAC
chr19	10145085	10145085	1	2	2	1.000	AGAAGCGACAC
chr19	10145108	10145108	1	2	2	1.000	TAAGGCGCCAC
chr19	10145180	10145180	1	1	1	1.000	CCTGCCGTTAG
chr19	10145201	10145201	1	1	1	1.000	TGTCACGTTCT
chr19	10145246	10145246	1	2	2	1.000	AAAGGCGTCTC
chr19	10145299	10145299	1	2	2	1.000	CACTACGGGGA
chr19	10145455	10145455	1	2	2	1.000	TGAGCCGGGAA
chr19	10145474	10145474	1	1	1	1.000	GAAAACGTTGG
chr19	10145497	10145497	1	1	1	1.000	CCACACGCTGA
chr19	10145539	10145539	1	2	0	0.000	GGAAACGATCT
chr19	10145574	10145574	1	2	2	1.000	AGCCTCGATCC
chr19	10145637	10145637	1	2	2	1.000	ATGTCCGTTAA
chr19	10145697	10145697	1	2	2	1.000	CCCTTCGAGCC
chr19	10145744	10145744	1	2	2	1.000	GGGGACGGAGA
chr19	10145803	10145805	2	2	2	1.000	TCCCTCGCGCTTT
chr19	10145952	10145952	1	2	2	1.000	CCTCTCGAGTA
chr19	10145972	10145974	2	2	2	1.000	ACAGGCGCGCACC
chr19	10145988	10145988	1	2	2	1.000	ACACCCGGCTA
chr19	10146016	10146016	1	2	2	1.000	AGAGACGAGGT
chr19	10146094	10146094	1	1	1	1.000	CAAAGCGCTGG
chr19	10146109	10146109	1	1	1	1.000	ACAGGCGTGAG
chr19	10146137	10146137	1	2	2	1.000	ACCAGCGAGTT
chr19	10146151	10146151	1	2	2	1.000	TTTTACGCTCA
chr19	10146192	10146192	1	2	2	1.000	CTACACGATTT
chr19	10146225	10146230	2	4	4	1.000	GCCAACGTGACGGCTA
chr19	10146251	10146251	1	2	2	1.000	TGGTGCGGAGG
chr19	10146315	10146315	1	2	2	1.000	TGGAGCGCCCT
chr19	10146355	10146355	1	2	2	1.000	TTGAACGTGAA
chr19	10146395	10146395	1	2	2	1.000	CAACTCGGTAC
chr19	10146408	10146408	1	2	2	1.000	GATGCCGTTCT
chr19	10146437	10146437	1	1	1	1.000	GGACCCGGCTA
chr19	10146453	10146453	1	2	2	1.000	GTCCTCGAGCT
chr19	10146503	10146503	1	1	1	1.000	CCAGACGGGCA
chr19	10146567	10146577	2	2	2	1.000	GTGGCCGGCAGTGGCCGCAGC
chr19	10146815	10146815	1	2	2	1.000	CACCACGAGCA
chr19	10146828	10146828	1	2	2	1.000	AGTCCCGAGTG
chr19	10147037	10147037	1	2	2	1.000	AGGGTCGCTTG
chr19	10147086	10147086	1	2	1	0.500	GACCCCGTCTC
chr19	10147193	10147193	1	3	3	1.000	CAGGTCGAGGC
chr19	10147427	10147427	1	2	2	1.000	CAACACGGTGA
chr19	10147482	10147482	1	3	2	0.667	GCAGGCGCCTG
chr19	10147558	10147564	2	4	4	1.000	TGAGCCGAGATCGTGCC
chr19	10147659	10147659	1	2	2	1.000	TAGCACGAGAC
chr19	10147781	10147781	1	2	1	0.500	AGGTACGGAGG
chr19	10147831	10147840	4	4	4	1.000	AAGCTCGCCGGGCGCGGTGG
chr19	10147878	10147883	2	2	2	1.000	GAAGCCGAAGCGGGTA
chr19	10147902	10147910	2	4	4	1.000	GAGGTCGGGAGTTCGAGAC
chr19	10147971	10147971	1	1	1	1.000	GTAGCCGGGCA
chr19	10148029	10148029	1	1	1	1.000	AGAATCGCTTG
chr19	10148055	10148055	1	1	0	0.000	GGTTGCGGTGG
chr19	10148211	10148211	1	2	2	1.000	AGAATCGAGGA
chr19	10148233	10148233	1	1	1	1.000	GCTCACGCCTG
chr19	10148291	10148291	1	2	2	1.000	GAGATCGAGAC
chr19	10148322	10148322	1	2	2	1.000	AACCTCGTCTC
chr19	10148367	10148367	1	1	1	1.000	GCAGGCGCCTG
chr19	10148481	10148489	2	4	4	1.000	CAGAGCGAGACTCCGTCTC
chr19	10148641	10148641	1	2	2	1.000	CAAGACGAACC
chr19	10148682	10148682	1	1	1	1.000	GACAACGCCAG
chr19	10148762	10148762	1	2	2	1.000	TTTGACGAGCA
chr19	10148861	10148861	1	2	2	1.000	GACCCCGAGTC
chr19	10148926	10148935	3	6	6	1.000	GGACTCGAATCTCGCGTAGT
chr19	10149048	10149048	1	2	2	1.000	CCAGGCGCAGT
chr19	10149088	10149093	2	2	2	1.000	GAGGCCGAGGCGGGTG
chr19	10149120	10149120	1	1	1	1.000	GAGTTCGAGAC
chr19	10149151	10149151	1	2	2	1.000	AACCCCGTCTC
chr19	10149184	10149184	1	2	1	0.500	CTGGACGTGAT
chr19	10149216	10149216	1	1	1	1.000	CTACTCGGGAG
chr19	10149311	10149311	1	2	2	1.000	AAGAGCGAAAC
chr19	10149390	10149394	2	4	4	1.000	CAGAACGCACGTCAG
chr19	10149413	10149413	1	1	1	1.000	CTCCACGATAA
chr19	10149431	10149431	1	2	1	0.500	GCTCACGAGGG
chr19	10149469	10149469	1	1	1	1.000	GTTTTCGGAGG
chr19	10149563	10149574	3	6	6	1.000	GGGTCCGACGTGGCCCCGAGGA
chr19	10149595	10149595	1	1	1	1.000	CCCAGCGCAGA
chr19	10149610	10149610	1	2	2	1.000	GTGGGCGTGAA
chr19	10149647	10149650	2	4	4	1.000	CACAGCGCCGTGAC
chr19	10149671	10149671	1	1	1	1.000	GAAGACGGGCA
chr19	10149735	10149735	1	1	1	1.000	GCACTCGTCCT
chr19	10149866	10149866	1	1	0	0.000	TACAGCGGTTT
chr19	10149923	10149923	1	2	2	1.000	GTTTCCGCATC
chr19	10150064	10150064	1	2	2	1.000	TGACTCGATTT
chr19	10150409	10150409	1	2	2	1.000	CAGGTCGTGTG
chr19	10150471	10150471	1	1	1	1.000	GGCCTCGTGGC
chr19	10150564	10150564	1	1	1	1.000	AGCCACGGCCC
chr19	10150632	10150632	1	2	2	1.000	ATGGACGTCAG
chr19	10150721	10150721	1	1	1	1.000	CAGAACGGATG
chr19	10150881	10150888	2	4	4	1.000	GAGGCCGGAGTTCGAGAA
chr19	10150919	10150919	1	1	1	1.000	AACCCCGTCTC
chr19	10150966	10150966	1	2	2	1.000	GTGCACGCCTG
chr19	10151008	10151008	1	1	1	1.000	AGAATCGCTTG
chr19	10151257	10151257	1	2	2	1.000	AGTCCCGCTCT
chr19	10151295	10151295	1	1	1	1.000	AGTGCCGGGGC
chr19	10151327	10151327	1	1	1	1.000	GTTGGCGAGAT
chr19	10151402	10151411	2	4	4	1.000	CTTGACGGCTTCTCCGACCC
chr19	10151425	10151425	1	1	1	1.000	AGATGCGATTC
chr19	10151498	10151498	1	2	2	1.000	ATCATCGACTT
chr19	10151510	10151510	1	1	1	1.000	CTCATCGTCAT
chr19	10151643	10151643	1	1	1	1.000	CCTAACGAAGG
chr19	10151736	10151736	1	1	1	1.000	AGACTCGGCCT
chr19	10151752	10151752	1	2	2	1.000	ACCTCCGCTCT
chr19	10151776	10151776	1	2	2	1.000	TGCTCCGTCCA
chr19	10151924	10151924	1	2	2	1.000	AAGGCCGAGGC
chr19	10151974	10151974	1	1	1	1.000	GCCAACGTGGT
chr19	10152137	10152137	1	1	1	1.000	CTGGACGACAA
chr19	10152322	10152322	1	2	2	1.000	ACAAACGGTGA
chr19	10152485	10152485	1	2	2	1.000	CCAGGCGTGTG
chr19	10152508	10152508	1	1	1	1.000	AGTCCCGGCAA
chr19	10152628	10152628	1	2	2	1.000	GGTGGCGTGCA
chr19	10152746	10152746	1	1	1	1.000	CAGAACGAGAC
chr19	10152848	10152848	1	2	1	0.500	AATCCCGGCAG
chr19	10153059	10153059	1	1	1	1.000	AAGAACGCACA
chr19	10153149	10153149	1	2	2	1.000	AGCAACGCTAC
chr19	10153315	10153315	1	1	1	1.000	CAACACGTAAC
chr19	10153398	10153398	1	2	2	1.000	GAGGCCGAGGT
chr19	10153528	10153528	1	1	0	0.000	CCACTCGGGAG
chr19	10153560	10153576	3	3	3	1.000	GAACCCGGGAGGCGGAGGTTACGGTGA
chr19	10153768	10153768	1	1	0	0.000	GCCAGCGGGGA
chr19	10153922	10153922	1	1	1	1.000	AGGGACGCCTC
chr19	10154121	10154121	1	1	1	1.000	ATTGACGTTCA
chr19	10154300	10154324	5	5	5	1.000	ACAGACGCCACATCGCCGGCGCTTAAAGGCGTTCT
chr19	10154366	10154366	1	1	1	1.000	CTCTGCGAAGA
chr19	10154378	10154378	1	1	1	1.000	AGTATCGAAGA
chr19	10154415	10154415	1	1	1	1.000	GCTTTCGTGGG
chr19	10154461	10154482	4	4	4	1.000	TCTGCCGCCTCGCCTGGGCTCGCCTACGGGAG
chr19	10154545	10154545	1	1	1	1.000	CTCCCCGGTCT
chr19	10154667	10154673	2	2	2	1.000	GTCCCCGGCCTCGTCAT
chr19	10154707	10154714	3	3	3	1.000	AACTGCGCGTGTCGCAGG
chr19	10154738	10154738	1	1	1	1.000	TGAAGCGGTTC
chr19	10154767	10154767	1	1	1	1.000	GGAACCGTGGT
chr19	10154893	10154893	1	1	1	1.000	ACCCTCGATCT
chr19	10154906	10154906	1	1	1	1.000	TACCTCGATCT
chr19	10154934	10154939	2	2	2	1.000	TAGGTCGAGTCGGAAT
chr19	10155012	10155020	2	2	0	0.000	ATGGGCGCATACTCGGGAC
chr19	10155047	10155047	1	1	1	1.000	GTATTCGGCAA
chr19	10155102	10155102	1	1	0	0.000	GATGGCGCCTA
chr19	10155167	10155167	1	1	0	0.000	CATCCCGTACC
chr19	10155249	10155249	1	1	1	1.000	GAGAGCGAAGA
chr19	10155397	10155405	2	2	2	1.000	AGTGGCGTGATCTCGGCTC
chr19	10155437	10155437	1	1	1	1.000	GTTCACGTGAT
chr19	10155495	10155495	1	1	1	1.000	CCATGCGTGGC
chr19	10155561	10155561	1	1	1	1.000	GGTCTCGAATT
chr19	10155593	10155593	1	1	1	1.000	CAACTCGGCCT
chr19	10155778	10155778	1	1	1	1.000	AGCCCCGTCAG
chr19	10155822	10155822	1	1	1	1.000	GACCCCGGCCA
chr19	10155864	10155864	1	1	1	1.000	GAAGCCGATGA
chr19	10156003	10156012	2	2	2	1.000	GGAGGCGCTCTAAGCGCCCA
chr19	10156044	10156044	1	1	0	0.000	CAGGTCGGGTG
chr19	10156260	10156260	1	1	1	1.000	AGGCTCGTCTC
chr19	10156273	10156273	1	1	1	1.000	ACTCCCGGGCT
chr19	10156375	10156375	1	1	1	1.000	AATCCCGGACT
chr19	10156447	10156447	1	1	1	1.000	GAGTTCGATAT
chr19	10156459	10156474	3	3	3	1.000	CTTCTCGATGAGGCCGGTGTCGATGG
chr19	10156492	10156492	1	1	1	1.000	GTGACCGTGCT
chr19	10156546	10156562	3	3	3	1.000	TAAGCCGTGAAGGCGGGTCTTCGTGCA
chr19	10156584	10156584	1	1	1	1.000	AGGCACGAGGC
chr19	10156669	10156671	2	2	2	1.000	TGGAGCGCGATGG
chr19	10156709	10156709	1	1	1	1.000	CCTCCCGGGTT
chr19	10156741	10156741	1	1	1	1.000	CCTCCCGAGTA
chr19	10156777	10156777	1	1	1	1.000	ATGCCCGGCTA
chr19	10156805	10156805	1	1	1	1.000	AGGGACGGGGT
chr19	10156917	10156917	1	1	1	1.000	GGCCCCGACAC
chr19	10156937	10156937	1	1	1	1.000	GGTTGCGGGAA
chr19	10156959	10156959	1	1	1	1.000	GACAGCGTTCT
chr19	10157059	10157069	2	2	2	1.000	CAGTGCGGGAAATACCGGTTT
chr19	10157201	10157201	1	1	1	1.000	CCAACCGGCCC
chr19	10157222	10157222	1	1	1	1.000	GCCCCCGGCAA
chr19	10157299	10157299	1	1	1	1.000	TTATACGAGTT
chr19	10157438	10157446	2	2	2	1.000	ACATTCGGGAGCACGTTCT
chr19	10157553	10157553	1	1	1	1.000	TTTCCCGGCCA
chr19	10157691	10157691	1	1	1	1.000	TCCTGCGGAGC
chr19	10157707	10157707	1	1	1	1.000	TACTGCGTACC
chr19	10157791	10157791	1	1	1	1.000	GCCAGCGTGGA
chr19	10157827	10157834	2	2	2	1.000	GGTCCCGCTCCCCGCTGC
chr19	10158083	10158083	1	1	1	1.000	AGGAACGAATC
chr19	10158198	10158198	1	1	1	1.000	GCCCTCGGGCA
chr19	10158285	10158285	1	1	1	1.000	GGCCTCGGGGG
chr19	10158296	10158296	1	1	1	1.000	GCTAGCGGTTG
chr19	10158310	10158310	1	1	0	0.000	GTGGACGCAAC
chr19	10158382	10158389	2	2	2	1.000	AAGCACGGGGAACGTGTG
chr19	10158421	10158421	1	1	1	1.000	GGAACCGCTGC
chr19	10158519	10158519	1	1	1	1.000	AGGGCCGTTCC
chr19	10158545	10158545	1	1	1	1.000	TCCCACGAAGA
chr19	10158582	10158582	1	1	1	1.000	GCACCCGCAGG
chr19	10158673	10158682	3	3	3	1.000	AGGTACGGGCCGGACGCCAG
chr19	10158814	10158814	1	1	1	1.000	CCCTCCGAGCC
chr19	10158859	10158859	1	1	1	1.000	CACCCCGGCCA
chr19	10158871	10158871	1	1	1	1.000	CCCCTCGGCCT
chr19	10158925	10158925	1	1	1	1.000	TCTCCCGTCTT
chr19	10158990	10158990	1	1	1	1.000	TCTGTCGTGGC
chr19	10159006	10159006	1	1	1	1.000	CTACCCGACAG
chr19	10159032	10159032	1	1	1	1.000	GGCTCCGTGAA
chr19	10159063	10159063	1	1	1	1.000	ATCCACGACAC
chr19	10159111	10159111	1	1	1	1.000	CTGAGCGTGTG
chr19	10159283	10159283	1	1	1	1.000	CACCTCGGCTC
chr19	10159300	10159300	1	1	1	1.000	GCCTCCGCCTC
chr19	10159339	10159339	1	1	1	1.000	CCTCTCGAGTA
chr19	10159359	10159361	2	2	2	1.000	ACAGTCGCGTACC
chr19	10159394	10159404	2	2	2	1.000	ATTTTCGGTAGGTTTCGCCAT
chr19	10159459	10159459	1	1	1	1.000	CACCTCGGCCT
chr19	10159497	10159499	2	2	2	1.000	GCCACCGCGCCCA
chr19	10159529	10159529	1	1	1	1.000	ATCCACGAAGT
chr19	10159585	10159593	2	2	2	1.000	AGAATCGTGAGCCCGCAGG
chr19	10159625	10159625	1	1	1	1.000	TTCCACGAAGC
chr19	10159686	10159686	1	1	1	1.000	GGAAGCGCCTC
chr19	10159712	10159712	1	1	1	1.000	AGACTCGTTGG
chr19	10159836	10159843	3	3	3	1.000	CTGTACGTACCGCGTCTG
chr19	10159879	10159879	1	1	1	1.000	AGGGTCGTCCA
chr19	10159894	10159894	1	1	1	1.000	CTGCCCGCACT
chr19	10159971	10159991	5	5	5	1.000	CCAGCCGCCTCGTGAGCGCCGCCACCGGCTT
chr19	10160040	10160042	2	2	2	1.000	TTTGGCGCGAGCC
chr19	10160059	10160059	1	1	1	1.000	TTCTCCGTTCT
chr19	10160090	10160090	1	1	1	1.000	AAGATCGTTTG
chr19	10160123	10160123	1	1	1	1.000	AAAATCGCCCC
chr19	10160194	10160196	2	2	2	1.000	CCAGGCGCGTGGT
chr19	10160218	10160218	1	1	1	1.000	TTCACCGCAGG
chr19	10160238	10160238	1	1	1	1.000	CCTGACGCACC
chr19	10160265	10160265	1	1	1	1.000	CAACCCGATCC
chr19	10160357	10160357	1	2	0	0.000	GCTTTCGATAA
chr19	10160382	10160382	1	1	1	1.000	TCTTACGGTTC
chr19	10160397	10160404	2	4	4	1.000	GGGGTCGTTTTGCGTCTC
chr19	10160481	10160481	1	1	1	1.000	TGCTTCGGTGT
chr19	10160754	10160754	1	2	2	1.000	CCAGGCGGGCA
chr19	10160810	10160815	2	2	2	1.000	GAACCCGAGACGTAGA
chr19	10160864	10160864	1	1	1	1.000	CTGGGCGACAG
chr19	10161027	10161043	4	4	4	1.000	AGGGCCGGGCGCGATGGCTCACGCCTG
chr19	10161071	10161076	2	4	4	1.000	GAGACCGAGGCGGATG
chr19	10161087	10161087	1	2	2	1.000	GATCACGAGAT
chr19	10161113	10161113	1	2	2	1.000	ATCCTCGCCAA
chr19	10161164	10161172	3	3	3	1.000	TTGGGCGCGGTGGCGCATG
chr19	10161252	10161258	2	2	2	1.000	TGAGCCGATGTCGCACC
chr19	10161281	10161289	2	4	4	1.000	CCTGGCGGCAGAGCGAGAC
chr19	10161580	10161580	1	1	1	1.000	GTTTGCGGCTA
chr19	10161620	10161620	1	2	2	1.000	AGCCTCGACAA
chr19	10161700	10161700	1	2	2	1.000	CAGACCGAGTC
chr19	10161909	10161909	1	1	1	1.000	GATCTCGGCTC
chr19	10162083	10162083	1	2	2	1.000	TGATGCGCCTG
chr19	10162200	10162200	1	2	2	1.000	TGGCACGATCT
chr19	10162223	10162223	1	2	2	1.000	ATCTCCGCCTC
chr19	10162294	10162294	1	2	2	1.000	CACCACGCCCA
chr19	10162331	10162337	2	4	4	1.000	GAGTGCGATCTCGGCTC
chr19	10162371	10162371	1	2	2	1.000	TCAAGCGATTC
chr19	10162393	10162393	1	1	1	1.000	CCTCTCGAGTA
chr19	10162409	10162413	2	2	2	1.000	GACTACGGGCGTGCA
chr19	10162515	10162515	1	2	1	0.500	TCACCCGCTTC
chr19	10162548	10162560	3	3	3	1.000	ACAGGCGTGCGCCACCACGCCCA
chr19	10162602	10162610	2	4	4	1.000	CATGGCGAAACCCCGTCTT
chr19	10162677	10162677	1	2	2	1.000	ATCCTCGTCTT
chr19	10162728	10162736	2	2	2	1.000	TTCTTCGGGCCTCCGTTTG
chr19	10162801	10162813	3	3	3	1.000	CACATCGCCAACTCGCACGGAAA
chr19	10162896	10162901	2	4	4	1.000	CATCCCGAGACGAGGC
chr19	10163024	10163024	1	2	2	1.000	AGTGGCGCAAT
chr19	10163085	10163085	1	2	2	1.000	CCTTCCGAGTA
chr19	10163109	10163109	1	1	1	1.000	GCACCCGCCAC
chr19	10163185	10163185	1	2	2	1.000	GGTCTCGAACT
chr19	10163510	10163520	2	2	2	1.000	TCTACCGGGTAGACACGAGGC
chr19	10163653	10163653	1	1	1	1.000	GACCACGTGGT
chr19	10163839	10163839	1	2	2	1.000	GAGTTCGAGGC
chr19	10164245	10164245	1	1	1	1.000	TCAAACGATTC
chr19	10164259	10164259	1	1	1	1.000	TGCCTCGGCCT
chr19	10164291	10164291	1	1	1	1.000	GCATTCGCCAC
chr19	10164384	10164384	1	2	1	0.500	TGATCCGCCCA
chr19	10164421	10164433	3	6	6	1.000	ATAGGCGTGAGACACCGCGCCTG
chr19	10164645	10164652	3	3	3	1.000	AAACACGCCGGGCGTGGT
chr19	10164799	10164799	1	1	1	1.000	GCACACGCCTG
chr19	10164983	10164983	1	1	0	0.000	TGCAACGGTTC
chr19	10165010	10165010	1	1	1	1.000	CACTCCGCCAC
chr19	10165044	10165044	1	1	1	1.000	TAACTCGAGTC
chr19	10165175	10165175	1	1	1	1.000	TGAGGCGGGAA
chr19	10165202	10165202	1	1	1	1.000	GAGGTCGAGGC
chr19	10165218	10165218	1	1	1	1.000	TGAACCGTGAT
chr19	10165422	10165422	1	1	1	1.000	AGTCTCGCTCT
chr19	10165449	10165449	1	1	1	1.000	TGCAGCGGCAT
chr19	10165552	10165552	1	1	1	1.000	ATGCCCGGCTA
chr19	10165908	10165912	2	2	2	1.000	ACTGGCGACCGGGTC
chr19	10165949	10165949	1	1	1	1.000	AAGCCCGTGAC
chr19	10166014	10166014	1	1	1	1.000	GTCTTCGGCAT
chr19	10166036	10166049	3	3	3	1.000	GGACCCGCCGCCCCCCACCGATGA
chr19	10166163	10166163	1	1	1	1.000	TTAAACGCATG
chr19	10166222	10166222	1	1	1	1.000	CAGAACGTAGG
chr19	10166264	10166264	1	1	1	1.000	ATGTGCGTCAG
chr19	10166428	10166428	1	1	1	1.000	AATCCCGGCCC
chr19	10166527	10166535	2	2	2	1.000	CCCTGCGCACTCCCGCCCA
chr19	10166588	10166588	1	1	1	1.000	TAACCCGCCTT
chr19	10166602	10166602	1	1	1	1.000	TTTCTCGTCTC
chr19	10166632	10166632	1	1	1	1.000	CTGCACGCCTG
chr19	10166654	10166654	1	1	1	1.000	CTGTCCGGCTC
chr19	10166975	10166975	1	1	1	1.000	GCCTGCGGTGG
chr19	10167029	10167036	2	2	2	1.000	ATGTGCGATCAGCGTCAG
chr19	10167078	10167078	1	1	1	1.000	GGGTCCGAGTC
chr19	10167112	10167112	1	1	1	1.000	CCTGCCGCTCA
chr19	10167225	10167225	1	1	1	1.000	AGTCTCGCTCT
chr19	10167280	10167287	2	2	2	1.000	ACCACCGCCTCCCGGGTT
chr19	10167384	10167384	1	1	1	1.000	AGAGACGGGGT
chr19	10167442	10167442	1	1	1	1.000	CCACCCGCCTC
chr19	10167475	10167477	2	2	2	1.000	ATAGGCGCGAGCT
chr19	10167569	10167569	1	1	1	1.000	ACAAGCGTGTA
chr19	10167648	10167648	1	1	1	1.000	TCAGCCGACAG
chr19	10167848	10167848	1	1	1	1.000	GAAATCGAAGC
chr19	10167865	10167865	1	1	1	1.000	CACCCCGTAAT
chr19	10167888	10167888	1	1	1	1.000	GGAGGCGAGGC
chr19	10167967	10167967	1	1	0	0.000	AAATACGAAAA
chr19	10168046	10168046	1	1	1	1.000	GAGCCCGGGAG
chr19	10168116	10168116	1	1	1	1.000	GACTCCGTCTC
chr19	10168254	10168254	1	1	1	1.000	CAACCCGTTAT
chr19	10168317	10168317	1	1	1	1.000	AGGTTCGCTGC
chr19	10168328	10168328	1	1	1	1.000	ACTTACGGTTC
chr19	10168751	10168751	1	1	1	1.000	ACTTCCGATAT
chr19	10169038	10169038	1	1	1	1.000	CATCACGTTGG
chr19	10169071	10169071	1	1	1	1.000	TGATCCGTCTG
chr19	10169108	10169108	1	1	1	1.000	ACAGGCGTGAG
chr19	10169307	10169307	1	1	1	1.000	GAGGCCGAGAT
chr19	10169323	10169323	1	1	1	1.000	GATCACGAGGT
chr19	10169337	10169337	1	1	1	1.000	GAGATCGAGAC
chr19	10169368	10169368	1	1	1	1.000	AACCCCGTCTC
chr19	10169472	10169472	1	1	1	1.000	AATGGCGTGAA
chr19	10169504	10169510	2	2	2	1.000	TGAACCGAGATCGTGCC
chr19	10169534	10169551	3	3	3	1.000	CTGGGCGACAAGAGCGAGATTCCGTCTC
chr19	10169589	10169589	1	1	1	1.000	AACCCCGTCTC
chr19	10169625	10169625	1	1	1	1.000	CCTGGCGTGGT
chr19	10169657	10169657	1	1	1	1.000	TTACTCGGGAG
chr19	10169696	10169696	1	1	1	1.000	GGAAGCGGAGC
chr19	10169759	10169759	1	1	1	1.000	GACTCCGTCTC
chr19	10169783	10169783	1	1	1	1.000	AAAAACGCTTA
chr19	10169894	10169894	1	1	1	1.000	TAGCCCGTTAG
chr19	10169923	10169923	1	1	1	1.000	AAATTCGAGGT
chr19	10170002	10170010	3	3	3	1.000	AGCCTCGGCCGGGCGTGGT
chr19	10170101	10170101	1	1	1	1.000	CAACACGGCAA
chr19	10170140	10170156	4	4	4	1.000	TTAGGCGGACGGGGTGGCGGGCGCCTA
chr19	10170262	10170262	1	1	1	1.000	CTGAGCGAAAG
chr19	10170375	10170375	1	1	1	1.000	GCTCACGCCTG
chr19	10170403	10170408	2	2	2	1.000	GAGGCCGAGGCGGGTG
chr19	10170435	10170435	1	1	1	1.000	GAGTTCGAGAC
chr19	10170535	10170535	1	1	1	1.000	CTACTCGGGAG
chr19	10170566	10170566	1	1	1	1.000	TTGAACGCAGG
chr19	10170592	10170592	1	1	1	1.000	TGAGCCGAGAT
chr19	10170639	10170639	1	1	1	1.000	AACTCCGTCTC
chr19	10170727	10170727	1	1	1	1.000	GCACTCGTCAC
chr19	10170995	10170995	1	1	1	1.000	AGAGACGGGGT
chr19	10171044	10171044	1	1	1	1.000	TCAAGCGATCC
chr19	10171058	10171058	1	1	1	1.000	CACCTCGGCCT
chr19	10171102	10171102	1	1	1	1.000	ACACCCGGCCC
chr19	10171393	10171393	1	1	1	1.000	TTGGCCGGTGT
chr19	10171406	10171406	1	1	1	1.000	TGGCTCGTGCC
chr19	10171498	10171498	1	1	1	1.000	AACCCCGTCTC
chr19	10171530	10171542	3	3	3	1.000	CTAGGCGCGGTGGTTCACGCCTG
chr19	10171570	10171570	1	1	1	1.000	GAGGCCGAGAT
chr19	10171586	10171586	1	1	1	1.000	GATCACGAGGT
chr19	10171676	10171676	1	1	1	1.000	GCAGGCGCCTG
chr19	10171696	10171696	1	1	1	1.000	CTACTCGGGAG
chr19	10171751	10171751	1	1	1	1.000	GTGAGCGGAGA
chr19	10171782	10171798	3	3	3	1.000	CTGGGCGACAGAGCGAGACTCCGTCTC
chr19	10171878	10171878	1	1	1	1.000	GCAGGCGCCTG
chr19	10171937	10171937	1	1	1	1.000	GGAGGCGGAGG
chr19	10171992	10171992	1	1	1	1.000	TAGAGCGGGAG
chr19	10172063	10172063	1	1	1	1.000	ATCCTCGCTAT
chr19	10172136	10172136	1	1	1	1.000	TAGGCCGGGTG
chr19	10172152	10172152	1	1	1	1.000	GCTCACGCCTA
chr19	10172329	10172329	1	1	1	1.000	GAACCCGGGAG
chr19	10172345	10172345	1	1	1	1.000	GGTTGCGGTGA
chr19	10172436	10172440	2	2	2	1.000	CACCTCGTACGTCTG
chr19	10172493	10172493	1	1	1	1.000	GAAGGCGAGGT
chr19	10172606	10172606	1	1	1	1.000	TCACTCGAGGT
chr19	10172670	10172686	4	4	4	1.000	TTAGCCGAGTATGGCGGCGGGCGCCTG
chr19	10172757	10172768	3	3	3	1.000	TGCAACGAGCCGAGATCGCACC
chr19	10172917	10172917	1	1	1	1.000	GACCACGAGAA
chr19	10172963	10172963	1	1	1	1.000	CATTTCGATCA
chr19	10172995	10172995	1	1	1	1.000	TTCCACGTTCC
chr19	10173120	10173122	2	2	2	1.000	CAGTGCGCGTTCC
chr19	10173161	10173161	1	1	1	1.000	GGAAGCGGTCT
chr19	10173345	10173345	1	1	1	1.000	TGGTTCGAATG
chr19	10173362	10173362	1	1	1	1.000	GCCCTCGATTC
chr19	10173470	10173470	1	1	1	1.000	ACACACGATAA
chr19	10173679	10173687	2	2	2	1.000	AGAGACGGGGTTTCGCCAT
chr19	10173780	10173786	2	2	2	1.000	GTCACCGTGCCCGGCCT
chr19	10173833	10173833	1	1	1	1.000	CAACTCGTAGA
chr19	10173870	10173870	1	1	1	1.000	CTTACCGTTCT
chr19	10173891	10173891	1	1	1	1.000	CTCTACGTCTC
chr19	10174109	10174109	1	1	1	1.000	AGGTCCGAGAA
chr19	10174146	10174146	1	1	1	1.000	GAGATCGCCTG
chr19	10175741	10175741	1	1	1	1.000	AATGACGGGTT
chr19	10175787	10175787	1	1	1	1.000	AATCACGGGTC
chr19	10175982	10175982	1	1	1	1.000	GCCAACGTGGT
chr19	10176081	10176081	1	1	1	1.000	AGAATCGCTTG
chr19	10176115	10176115	1	1	1	1.000	TGAGCCGAAAT
chr19	10176287	10176287	1	1	1	1.000	GCAATCGGCCC
chr19	10176433	10176433	1	1	1	1.000	CCAAACGCTGT
chr19	10176451	10176451	1	1	1	1.000	CCACACGGCTT
chr19	10176477	10176477	1	1	1	1.000	AAAAACGTAAA
chr19	10176717	10176729	5	5	5	1.000	CCAGGCGTGGCGGCGCGCGCCTG
chr19	10176805	10176811	2	2	2	1.000	TGAGCCGAGATCGTGCC
chr19	10177019	10177019	1	1	1	1.000	AACAACGGCTG
chr19	10177132	10177132	1	1	1	1.000	GGTAACGTTTT
chr19	10177174	10177174	1	1	1	1.000	AGAACCGCAAG
chr19	10177198	10177198	1	1	1	1.000	CAACACGGAAG
chr19	10177216	10177221	2	2	2	1.000	TGCCACGTGACGCCCT
chr19	10177269	10177269	1	1	1	1.000	GCAGCCGCCAA
chr19	10177280	10177280	1	1	1	1.000	TTTATCGTATA
chr19	10177792	10177792	1	1	1	1.000	CTGGGCGTGGT
chr19	10177873	10177873	1	1	1	1.000	GTTGCCGTGAG
chr19	10177909	10177909	1	1	1	1.000	CTTGGCGACAG
chr19	10178028	10178028	1	1	1	1.000	CAAGACGGGCA
chr19	10178053	10178053	1	1	1	1.000	GAGATCGAGAC
chr19	10178204	10178204	1	1	1	1.000	TGAGCCGAGAT
chr19	10178353	10178353	1	1	1	1.000	GAGTTCGAGAC
chr19	10178539	10178545	2	2	2	1.000	GATCACGAGGTCGGGAT
chr19	10178616	10178625	2	2	2	1.000	CCAGGCGTGGTGTGCGCCTG
chr19	10178701	10178707	2	2	2	1.000	TGAGCCGAGATCGTGCC
chr19	10178891	10178900	3	3	3	1.000	GAGGCCGAGGCGGGCGGATC
chr19	10178921	10178921	1	1	1	1.000	GAGATCGAAAT
chr19	10178984	10178984	1	1	1	1.000	TTAGCCGGGCA
chr19	10178996	10179000	2	2	2	1.000	GGTGGCGGGCGCCTG
chr19	10179020	10179020	1	1	1	1.000	CTACTCGGGAG
chr19	10179076	10179084	2	2	2	1.000	TGAGCCGAGATTGCGCCAC
chr19	10179310	10179310	1	1	1	1.000	TTGGTCGAAAA
chr19	10179552	10179552	1	1	1	1.000	AAAGACGTACA
chr19	10179603	10179603	1	1	1	1.000	GGATGCGTACA
chr19	10179710	10179716	2	2	2	1.000	GGGGCCGGGCACGGTGG
chr19	10179759	10179759	1	1	1	1.000	TAAGGCGGGAG
chr19	10179861	10179861	1	1	1	1.000	GTGCCCGCCTG
chr19	10179920	10179920	1	1	1	1.000	GGAGGCGGAGG
chr19	10180038	10180038	1	1	1	1.000	CCAGGCGTGGT
chr19	10180259	10180259	1	1	1	1.000	TGAGCCGAGGT
chr19	10180348	10180348	1	1	1	1.000	TCTTACGCTTA
chr19	10180364	10180364	1	1	1	1.000	TCCATCGGACT
chr19	10180383	10180387	2	2	2	1.000	CTGGGCGTGCGAGGT
chr19	10180441	10180441	1	1	1	1.000	CTCTACGGGCT
chr19	10180477	10180477	1	1	1	1.000	CTAGACGTCCA
chr19	10180492	10180492	1	1	1	1.000	CTTCCCGGTTG
chr19	10180796	10180796	1	1	0	0.000	CTTTACGTAAT
chr19	10180851	10180851	1	1	0	0.000	AAATTCGTGCA
chr19	10181162	10181162	1	1	1	1.000	AGTGTCGGCCA
chr19	10181210	10181210	1	1	1	1.000	GAGGCCGAGGC
chr19	10181379	10181379	1	1	1	1.000	GGAGGCGAAGG
chr19	10181613	10181621	2	2	2	1.000	GATCACGAGCAGGCGTTCA
chr19	10181776	10181776	1	1	1	1.000	TGAGCCGAGAT
chr19	10182224	10182224	1	1	1	1.000	CTCCCCGCAAG
chr19	10182699	10182699	1	1	1	1.000	AGTCTCGCTCT
chr19	10182731	10182731	1	1	1	1.000	TGGTGCGATCT
chr19	10182825	10182825	1	1	1	1.000	AGCCTCGTTAA
chr19	10182907	10182907	1	1	1	1.000	TGATCCGCCTG
chr19	10182981	10182981	1	1	1	1.000	ATACACGTATA
chr19	10182995	10182995	1	1	1	1.000	ATACACGTATA
chr19	10183055	10183055	1	1	1	1.000	ACATACGTATA
chr19	10183095	10183105	2	2	2	1.000	ATACACGTATATATACGTGTG
chr19	10183217	10183217	1	1	1	1.000	TCAAGCGATTC
chr19	10183239	10183239	1	1	1	1.000	CCTCCCGAGTA
chr19	10183313	10183313	1	1	0	0.000	TTCTCCGTGTT
chr19	10183333	10183351	3	3	3	1.000	GGTTTCGAACTCCCGACCTCAGGCGATCC
chr19	10183456	10183456	1	1	0	0.000	GCTCACGCTTA
chr19	10183489	10183493	2	2	0	0.000	CAAGGCGAGCGGATC
chr19	10183538	10183538	1	1	1	1.000	CATGGCGAAAC
chr19	10183580	10183580	1	1	1	1.000	CTGGGCGTGGT
chr19	10183696	10183696	1	1	1	1.000	CATGGCGAAAC
chr19	10183736	10183736	1	1	1	1.000	CCAGGCGTGGT
chr19	10183985	10183985	1	1	1	1.000	GAGGTCGAGGC
chr19	10184001	10184001	1	1	1	1.000	TGAGCCGTGAT
chr19	10184362	10184370	2	2	2	1.000	GCTGGCGCCTCCCCGAATA
chr19	10184537	10184547	3	3	3	1.000	AGTGCCGCGGTGCTGCGTGCC
chr19	10184609	10184609	1	1	1	1.000	GAGTTCGAGTC
chr19	10184634	10184634	1	1	0	0.000	TAGGGCGATCC
chr19	10184849	10184849	1	1	1	1.000	GCACCCGCACA
chr19	10185013	10185016	2	2	2	1.000	ACCAGCGCCGCTCA
chr19	10185199	10185199	1	1	1	1.000	GTGGGCGGATC
chr19	10185284	10185284	1	1	1	1.000	CCAGGCGTGGT
chr19	10185296	10185296	1	1	1	1.000	GTGGGCGCCTG
chr19	10185340	10185348	2	2	2	1.000	AATGGCGTGAACCCGGGAG
chr19	10185551	10185551	1	1	1	1.000	CAAGACGCAGT
chr19	10185743	10185743	1	1	1	1.000	AGGATCGCTTG
chr19	10186004	10186004	1	1	1	1.000	ACACACGCTGT
chr19	10186041	10186044	2	2	2	1.000	AGTCACGCCGCTGA
chr19	10186338	10186338	1	1	1	1.000	GCTGGCGGGAG
chr19	10186355	10186355	1	1	1	1.000	TTTAGCGACAT
chr19	10186417	10186436	3	3	3	1.000	AGGGTCGCAGACAGCCGTGAAGGACGGAGC
chr19	10186458	10186458	1	1	1	1.000	AATGCCGGCTT
chr19	10186603	10186612	3	3	3	1.000	GAGGCCGAGGCGGGCGGATC
chr19	10186635	10186635	1	1	1	1.000	GAGTTCGAGAC
chr19	10186793	10186793	1	1	1	1.000	GGTCACGTCAT
chr19	10186903	10186909	2	2	2	1.000	GCTCACGCCTGCGGGAT
chr19	10186970	10186970	1	1	1	1.000	TGAACCGGGCA
chr19	10187042	10187042	1	1	0	0.000	ACAAACGTGAG
chr19	10187102	10187102	1	1	0	0.000	ACAGTCGGAGG
chr19	10187198	10187198	1	1	1	1.000	AGAGCCGTGTT
chr19	10187286	10187286	1	1	1	1.000	CTCTACGCCAG
chr19	10187328	10187328	1	1	1	1.000	CTGGGCGCAGT
chr19	10187359	10187359	1	1	1	1.000	ACACTCGGGAA
chr19	10187399	10187399	1	1	1	1.000	GAATTCGAGAC
chr19	10187422	10187422	1	1	1	1.000	CAGAGCGAGAC
chr19	10187492	10187492	1	1	1	1.000	CTACTCGGGAG
chr19	10187505	10187505	1	1	1	1.000	AGAGGCGGGAG
chr19	10187634	10187639	2	2	2	1.000	GAGGCCGAGGCGGAAG
chr19	10187772	10187772	1	1	1	1.000	TGAGGCGGGAG
chr19	10187822	10187822	1	1	1	1.000	CACAGCGAGAC
chr19	10187899	10187899	1	1	1	1.000	CTACTCGGGAA
chr19	10188192	10188192	1	1	1	1.000	CAGGCCGGCTG
chr19	10188234	10188234	1	1	1	1.000	GCATCCGCAGT
chr19	10188309	10188309	1	1	1	1.000	TGAAGCGGGTA
chr19	10188411	10188411	1	1	1	1.000	GCTCACGCCTG
chr19	10188487	10188487	1	1	1	1.000	TGAGCCGAGAT
chr19	10188525	10188525	1	1	1	1.000	CAGAGCGAGAC
chr19	10188556	10188556	1	1	1	1.000	CCCACCGAAAA
chr19	10188617	10188617	1	1	1	1.000	CAAAGCGATTT
chr19	10188742	10188759	3	3	3	1.000	GAGAGCGGGCAACGTTGGAGGACGGGTC
chr19	10188781	10188781	1	1	1	1.000	CAACCCGCAAA
chr19	10188822	10188822	1	1	1	1.000	TGAGCCGAGGG
chr19	10188835	10188835	1	1	1	1.000	GAGACCGCCTC
chr19	10189057	10189057	1	1	1	1.000	TAAGCCGGCAA
chr19	10189141	10189149	2	2	2	1.000	TGAGACGGAGTCTCGCTCT
chr19	10189187	10189187	1	1	1	1.000	GATCTCGGCTC
chr19	10189204	10189204	1	1	1	1.000	ACCTCCGCCTC
chr19	10189263	10189263	1	1	0	0.000	ATAGGCGTGTG
chr19	10189310	10189310	1	1	1	1.000	AGAGACGGGGT
chr19	10189341	10189341	1	1	1	1.000	GGTCTCGATCT
chr19	10189399	10189399	1	1	1	1.000	ACAGGCGTGAG
chr19	10189411	10189411	1	1	0	0.000	CACCACGCCCA
chr19	10189503	10189503	1	1	1	1.000	AGCCTCGACCT
chr19	10190003	10190003	1	1	1	1.000	CCATACGGCTG
chr19	10190019	10190019	1	1	1	1.000	TAGGGCGGCAT
chr19	10190206	10190206	1	1	1	1.000	AGTTACGAAAG
chr19	10190329	10190338	2	2	2	1.000	GAATACGGCAGACACGCTCT
chr19	10190395	10190405	2	2	2	1.000	CCATGCGGGATACACCGACAA
chr19	10190521	10190521	1	1	1	1.000	CTTTGCGGGGC
chr19	10190536	10190536	1	1	1	1.000	GCAGGCGAATC
chr19	10190620	10190624	2	2	0	0.000	TTAGCCGGGCGTGGT
chr19	10190718	10190718	1	1	1	1.000	AAGTTCGCACC
chr19	10190833	10190833	1	1	1	1.000	TGAACCGGCTG
chr19	10190980	10190984	2	2	2	1.000	GGTGGCGGGCGCCTG
chr19	10191036	10191036	1	1	1	1.000	GAACTCGGGAG
chr19	10191112	10191112	1	1	1	1.000	AGCCTCGAGGG
chr19	10191140	10191140	1	1	1	1.000	CTGGGCGTGGT
chr19	10191204	10191211	2	2	2	1.000	AAACCCGGGAAGCGGAGG
chr19	10191716	10191716	1	1	1	1.000	ATGGCCGGGCC
chr19	10191763	10191763	1	1	1	1.000	GCCAACGCAGA
chr19	10191867	10191867	1	1	1	1.000	AGTTTCGCTCC
chr19	10191895	10191895	1	1	1	1.000	TGCAACGGTGC
chr19	10192019	10192024	2	2	2	1.000	GGTTTCGCCACGTTGG
chr19	10192424	10192424	1	1	1	1.000	GCATACGCTTG
chr19	10192540	10192540	1	1	1	1.000	AGGATCGCTTG
chr19	10192557	10192557	1	1	1	1.000	GGAATCGAAGA
chr19	10192829	10192829	1	1	1	1.000	GATCACGAGGT
chr19	10192843	10192843	1	1	1	1.000	GAGTTCGAGAC
chr19	10192874	10192874	1	1	1	1.000	AACCCCGACTC
chr19	10192906	10192906	1	1	1	1.000	CCAGGCGTGGT
chr19	10192939	10192939	1	1	1	1.000	TACTTCGGAGG
chr19	10192994	10193008	3	3	3	1.000	TGAGCCGAGATCACGCCACCGCATT
chr19	10193231	10193231	1	1	1	1.000	GTGGGCGCCTG
chr19	10193432	10193432	1	1	1	1.000	CAGCTCGCTAC
chr19	10193507	10193511	2	2	2	1.000	ACAGGCGCACGGCAC
chr19	10193950	10193950	1	1	0	0.000	GTGCACGGAAG
chr19	10194044	10194044	1	1	0	0.000	ACACACGAAAG
chr19	10194138	10194154	3	3	0	0.000	CTTCACGCTTCCCGGGCCCTGCGCTGC
chr19	10194166	10194166	1	1	0	0.000	ATGCACGGTTA
chr19	10194262	10194262	1	1	0	0.000	GCTCTCGAACA
chr19	10194304	10194304	1	1	0	0.000	ACATCCGTCTC
chr19	10194317	10194323	2	2	0	0.000	GAGGCCGCCATCGAGAT
chr19	10194375	10194400	5	5	0	0.000	AGAAGCGCCCCCGGGGACCGGGCCGGACACCGGAAG
chr19	10194413	10194428	3	3	0	0.000	GAGGCCGAAGTGCCGGTGCCCGAGGG
chr19	10194439	10194448	3	3	0	0.000	GTGTCCGTTGGCCGCGGGCT
chr19	10194468	10194468	1	1	0	0.000	CTGTGCGACCA
chr19	10194491	10194499	2	2	0	0.000	GAGCCCGGCCCACCGCTGC
chr19	10194521	10194527	2	2	0	0.000	GACCCCGGAAACGAACC
chr19	10194575	10194575	1	1	0	0.000	CACCCCGCCTA
chr19	10194603	10194603	1	1	0	0.000	AGCTACGGGGG
chr19	10194628	10194628	1	1	0	0.000	TTTGGCGCCAA
chr19	10194640	10194654	5	5	0	0.000	CAGCCCGGGCACGCGCGACCGGAAG
chr19	10194672	10194694	6	6	0	0.000	CTGCCCGCGCCAACTGCCGCTGCGCGCCGCACC
chr19	10194706	10194718	4	4	0	0.000	CCCCACGCATGCGCGCCCGTCTG
chr19	10194731	10194757	4	4	0	0.000	AGCAGCGGCCACCGGCCACCCCGAGGGGAAGCGACCC
chr19	10194772	10194772	1	1	0	0.000	CCCAGCGCCCT
chr19	10194819	10194856	7	7	0	0.000	CCTACCGCCTGCGGACATCGTCGGGCAGCGAGATGGCCGGGACGGCCA
chr19	10194873	10194901	6	6	0	0.000	GCACCCGGGCTGGGGCGGTACGCGCCGGCATCTCGGAGG
